INSERT INTO `airport_db`.`Airline` (`IATA Airline designators`, `Company Name`, `num_Aircrafts_owned`, `is_active`, `country_of_ownership`) VALUES ('6E', 'Indigo Airlines Limited', '9', '1', 'India');
INSERT INTO `airport_db`.`Airline` (`IATA Airline designators`, `Company Name`, `num_Aircrafts_owned`, `is_active`, `country_of_ownership`) VALUES ('SG', 'Spicejet Limited', '4', '1', 'India');
INSERT INTO `airport_db`.`Airline` (`IATA Airline designators`, `Company Name`, `num_Aircrafts_owned`, `is_active`, `country_of_ownership`) VALUES ('AI', 'Air India Limited', '7', '1', 'India');
INSERT INTO `airport_db`.`Airline` (`IATA Airline designators`, `Company Name`, `num_Aircrafts_owned`, `is_active`, `country_of_ownership`) VALUES ('UK', 'Air Vistara', '5', '1', 'India');
INSERT INTO `airport_db`.`Airline` (`IATA Airline designators`, `Company Name`, `num_Aircrafts_owned`, `is_active`, `country_of_ownership`) VALUES ('G8', 'Go Airways', '2', '1', 'India');

INSERT INTO `airport_db`.`capacity_of_Aircraft` (`Manufacturer`, `Model`, `Capacity`) VALUES ('Boeing', '747', '370');
INSERT INTO `airport_db`.`capacity_of_Aircraft` (`Manufacturer`, `Model`, `Capacity`) VALUES ('Boeing', '737', '189');
INSERT INTO `airport_db`.`capacity_of_Aircraft` (`Manufacturer`, `Model`, `Capacity`) VALUES ('Airbus', '320', '170');
INSERT INTO `airport_db`.`capacity_of_Aircraft` (`Manufacturer`, `Model`, `Capacity`) VALUES ('Airbus', '330', '360');
INSERT INTO `airport_db`.`capacity_of_Aircraft` (`Manufacturer`, `Model`, `Capacity`) VALUES ('Airbus', '340', '390');
INSERT INTO `airport_db`.`capacity_of_Aircraft` (`Manufacturer`, `Model`, `Capacity`) VALUES ('Boeing', '777', '370');

INSERT INTO `airport_db`.`Aircraft` (`registration_num`, `fk_to_capacity_Manufacturer`, `fk_to_capacity_Model`, `Distance Travelled`, `Flight ID`, `Maintanence check date`, `fk_to_Airline_owner_Airline_IATA_code`) VALUES ('212', 'Airbus', '320', '4576786', '10', '2020-09-28', '6E');
INSERT INTO `airport_db`.`Aircraft` (`registration_num`, `fk_to_capacity_Manufacturer`, `fk_to_capacity_Model`, `Distance Travelled`, `Flight ID`, `Maintanence check date`, `fk_to_Airline_owner_Airline_IATA_code`) VALUES ('234', 'Airbus', '320', '986655', '9', '2020-09-21', '6E');
INSERT INTO `airport_db`.`Aircraft` (`registration_num`, `fk_to_capacity_Manufacturer`, `fk_to_capacity_Model`, `Distance Travelled`, `Flight ID`, `Maintanence check date`, `fk_to_Airline_owner_Airline_IATA_code`) VALUES ('236', 'Airbus', '330', '4557678', '20', '2020-09-28', '6E');
INSERT INTO `airport_db`.`Aircraft` (`registration_num`, `fk_to_capacity_Manufacturer`, `fk_to_capacity_Model`, `Distance Travelled`, `Flight ID`, `Maintanence check date`, `fk_to_Airline_owner_Airline_IATA_code`) VALUES ('238', 'Airbus', '330', '7978445', '19', '2020-09-21', '6E');
INSERT INTO `airport_db`.`Aircraft` (`registration_num`, `fk_to_capacity_Manufacturer`, `fk_to_capacity_Model`, `Distance Travelled`, `Flight ID`, `Maintanence check date`, `fk_to_Airline_owner_Airline_IATA_code`) VALUES ('274', 'Airbus', '340', '32456', '26', '2020-09-21', '6E');
INSERT INTO `airport_db`.`Aircraft` (`registration_num`, `fk_to_capacity_Manufacturer`, `fk_to_capacity_Model`, `Distance Travelled`, `Flight ID`, `Maintanence check date`, `fk_to_Airline_owner_Airline_IATA_code`) VALUES ('546', 'Airbus', '320', '349876', '11', '2020-09-24', '6E');
INSERT INTO `airport_db`.`Aircraft` (`registration_num`, `fk_to_capacity_Manufacturer`, `fk_to_capacity_Model`, `Distance Travelled`, `Flight ID`, `Maintanence check date`, `fk_to_Airline_owner_Airline_IATA_code`) VALUES ('589', 'Airbus', '330', '5678', '25', '2020-09-28', '6E');
INSERT INTO `airport_db`.`Aircraft` (`registration_num`, `fk_to_capacity_Manufacturer`, `fk_to_capacity_Model`, `Distance Travelled`, `Flight ID`, `Maintanence check date`, `fk_to_Airline_owner_Airline_IATA_code`) VALUES ('878', 'Airbus', '320', '3468322', '12', '2020-09-21', '6E');
INSERT INTO `airport_db`.`Aircraft` (`registration_num`, `fk_to_capacity_Manufacturer`, `fk_to_capacity_Model`, `Distance Travelled`, `Flight ID`, `Maintanence check date`, `fk_to_Airline_owner_Airline_IATA_code`) VALUES ('893', 'Airbus', '320', '2199934', '8', '2020-09-24', '6E');
INSERT INTO `airport_db`.`Aircraft` (`registration_num`, `fk_to_capacity_Manufacturer`, `fk_to_capacity_Model`, `Distance Travelled`, `Flight ID`, `Maintanence check date`, `fk_to_Airline_owner_Airline_IATA_code`) VALUES ('242', 'Boeing', '747', '2325437', '4', '2020-09-28', 'AI');
INSERT INTO `airport_db`.`Aircraft` (`registration_num`, `fk_to_capacity_Manufacturer`, `fk_to_capacity_Model`, `Distance Travelled`, `Flight ID`, `Maintanence check date`, `fk_to_Airline_owner_Airline_IATA_code`) VALUES ('343', 'Airbus', '320', '76335', '13', '2020-09-21', 'AI');
INSERT INTO `airport_db`.`Aircraft` (`registration_num`, `fk_to_capacity_Manufacturer`, `fk_to_capacity_Model`, `Distance Travelled`, `Flight ID`, `Maintanence check date`, `fk_to_Airline_owner_Airline_IATA_code`) VALUES ('555', 'Airbus', '330', '65686', '23', '2020-09-28', 'AI');
INSERT INTO `airport_db`.`Aircraft` (`registration_num`, `fk_to_capacity_Manufacturer`, `fk_to_capacity_Model`, `Distance Travelled`, `Flight ID`, `Maintanence check date`, `fk_to_Airline_owner_Airline_IATA_code`) VALUES ('574', 'Airbus', '340', '3453', '24', '2020-09-21', 'AI');
INSERT INTO `airport_db`.`Aircraft` (`registration_num`, `fk_to_capacity_Manufacturer`, `fk_to_capacity_Model`, `Distance Travelled`, `Flight ID`, `Maintanence check date`, `fk_to_Airline_owner_Airline_IATA_code`) VALUES ('796', 'Boeing', '737', '34343434', '15', '2020-09-28', 'AI');
INSERT INTO `airport_db`.`Aircraft` (`registration_num`, `fk_to_capacity_Manufacturer`, `fk_to_capacity_Model`, `Distance Travelled`, `Flight ID`, `Maintanence check date`, `fk_to_Airline_owner_Airline_IATA_code`) VALUES ('974', 'Airbus', '330', '77777777', '18', '2020-09-28', 'AI');
INSERT INTO `airport_db`.`Aircraft` (`registration_num`, `fk_to_capacity_Manufacturer`, `fk_to_capacity_Model`, `Distance Travelled`, `Flight ID`, `Maintanence check date`, `fk_to_Airline_owner_Airline_IATA_code`) VALUES ('975', 'Boeing', '747', '234276', '5', '2020-09-24', 'AI');
INSERT INTO `airport_db`.`Aircraft` (`registration_num`, `fk_to_capacity_Manufacturer`, `fk_to_capacity_Model`, `Distance Travelled`, `Flight ID`, `Maintanence check date`, `fk_to_Airline_owner_Airline_IATA_code`) VALUES ('673', 'Boeing', '777', '345340', '27', '2020-09-29', 'G8');
INSERT INTO `airport_db`.`Aircraft` (`registration_num`, `fk_to_capacity_Manufacturer`, `fk_to_capacity_Model`, `Distance Travelled`, `Flight ID`, `Maintanence check date`, `fk_to_Airline_owner_Airline_IATA_code`) VALUES ('692', 'Boeing', '777', '857323', '28', '2020-09-29', 'G8');
INSERT INTO `airport_db`.`Aircraft` (`registration_num`, `fk_to_capacity_Manufacturer`, `fk_to_capacity_Model`, `Distance Travelled`, `Flight ID`, `Maintanence check date`, `fk_to_Airline_owner_Airline_IATA_code`) VALUES ('124', 'Boeing', '737', '5465879', '14', '2020-09-24', 'SG');
INSERT INTO `airport_db`.`Aircraft` (`registration_num`, `fk_to_capacity_Manufacturer`, `fk_to_capacity_Model`, `Distance Travelled`, `Flight ID`, `Maintanence check date`, `fk_to_Airline_owner_Airline_IATA_code`) VALUES ('345', 'Boeing', '747', '542321', '1', '2020-09-21', 'SG');
INSERT INTO `airport_db`.`Aircraft` (`registration_num`, `fk_to_capacity_Manufacturer`, `fk_to_capacity_Model`, `Distance Travelled`, `Flight ID`, `Maintanence check date`, `fk_to_Airline_owner_Airline_IATA_code`) VALUES ('435', 'Boeing', '747', '23421', '2', '2020-09-21', 'SG');
INSERT INTO `airport_db`.`Aircraft` (`registration_num`, `fk_to_capacity_Manufacturer`, `fk_to_capacity_Model`, `Distance Travelled`, `Flight ID`, `Maintanence check date`, `fk_to_Airline_owner_Airline_IATA_code`) VALUES ('645', 'Boeing', '747', '65767', '3', '2020-09-24', 'SG');
INSERT INTO `airport_db`.`Aircraft` (`registration_num`, `fk_to_capacity_Manufacturer`, `fk_to_capacity_Model`, `Distance Travelled`, `Flight ID`, `Maintanence check date`, `fk_to_Airline_owner_Airline_IATA_code`) VALUES ('232', 'Boeing', '747', '876453', '6', '2020-09-21', 'UK');
INSERT INTO `airport_db`.`Aircraft` (`registration_num`, `fk_to_capacity_Manufacturer`, `fk_to_capacity_Model`, `Distance Travelled`, `Flight ID`, `Maintanence check date`, `fk_to_Airline_owner_Airline_IATA_code`) VALUES ('235', 'Boeing', '777', '76876', '22', '2020-09-21', 'UK');
INSERT INTO `airport_db`.`Aircraft` (`registration_num`, `fk_to_capacity_Manufacturer`, `fk_to_capacity_Model`, `Distance Travelled`, `Flight ID`, `Maintanence check date`, `fk_to_Airline_owner_Airline_IATA_code`) VALUES ('642', 'Boeing', '747', '23878', '7', '2020-09-21', 'UK');
INSERT INTO `airport_db`.`Aircraft` (`registration_num`, `fk_to_capacity_Manufacturer`, `fk_to_capacity_Model`, `Distance Travelled`, `Flight ID`, `Maintanence check date`, `fk_to_Airline_owner_Airline_IATA_code`) VALUES ('734', 'Boeing', '737', '654332', '16', '2020-09-21', 'UK');
INSERT INTO `airport_db`.`Aircraft` (`registration_num`, `fk_to_capacity_Manufacturer`, `fk_to_capacity_Model`, `Distance Travelled`, `Flight ID`, `Maintanence check date`, `fk_to_Airline_owner_Airline_IATA_code`) VALUES ('875', 'Boeing', '777', '8888888', '21', '2020-09-21', 'UK');



INSERT INTO `airport_db`.`airline_crew` (`Aadhar_card_number`, `First Name`, `Middle Name`, `Last Name`, `Number of years of Experience`, `Salary`, `Nationality`, `DOB`, `Gender`, `fk_to_Airline_employer_IATA_code`) VALUES ('423842256711', 'JERNARD', 'SA', 'JOHNSON', '0', '8367', 'Indian', '2010-4-17', 'Male', '6E');
INSERT INTO `airport_db`.`airline_crew` (`Aadhar_card_number`, `First Name`, `Middle Name`, `Last Name`, `Number of years of Experience`, `Salary`, `Nationality`, `DOB`, `Gender`, `fk_to_Airline_employer_IATA_code`) VALUES ('487301900720', 'LEAH', 'MA', 'JOSLYN', '0', '1976', 'Indian', '1975-3-8', 'Male', 'SG');
INSERT INTO `airport_db`.`airline_crew` (`Aadhar_card_number`, `First Name`, `Middle Name`, `Last Name`, `Number of years of Experience`, `Salary`, `Nationality`, `DOB`, `Gender`, `fk_to_Airline_employer_IATA_code`) VALUES ('839379776636', 'MICHELL', 'AA', 'KEMPER', '0', '3702', 'Indian', '1961-9-11', 'Female', 'AI');
INSERT INTO `airport_db`.`airline_crew` (`Aadhar_card_number`, `First Name`, `Middle Name`, `Last Name`, `Number of years of Experience`, `Salary`, `Nationality`, `DOB`, `Gender`, `fk_to_Airline_employer_IATA_code`) VALUES ('763239030001', 'KATHERINE', 'AA', 'KLEMCHUK', '0', '7131', 'Indian', '1953-10-18', 'Female', 'G8');
INSERT INTO `airport_db`.`airline_crew` (`Aadhar_card_number`, `First Name`, `Middle Name`, `Last Name`, `Number of years of Experience`, `Salary`, `Nationality`, `DOB`, `Gender`, `fk_to_Airline_employer_IATA_code`) VALUES ('267270646226', 'LASHENA', 'EA', 'LAWTON', '0', '7122', 'Indian', '1986-3-18', 'Male', 'UK');
INSERT INTO `airport_db`.`airline_crew` (`Aadhar_card_number`, `First Name`, `Middle Name`, `Last Name`, `Number of years of Experience`, `Salary`, `Nationality`, `DOB`, `Gender`, `fk_to_Airline_employer_IATA_code`) VALUES ('705118388146', 'ISAAC', 'IA', 'PALMA-RUWE', '0', '7633', 'Indian', '1990-1-17', 'Male', '6E');
INSERT INTO `airport_db`.`airline_crew` (`Aadhar_card_number`, `First Name`, `Middle Name`, `Last Name`, `Number of years of Experience`, `Salary`, `Nationality`, `DOB`, `Gender`, `fk_to_Airline_employer_IATA_code`) VALUES ('895445335106', 'BRIA', 'AA', 'PHILLIPS', '1', '4150', 'Indian', '1957-8-2', 'Male', 'SG');
INSERT INTO `airport_db`.`airline_crew` (`Aadhar_card_number`, `First Name`, `Middle Name`, `Last Name`, `Number of years of Experience`, `Salary`, `Nationality`, `DOB`, `Gender`, `fk_to_Airline_employer_IATA_code`) VALUES ('573139661735', 'JUSTUS', 'CA', 'RICHARDSON', '1', '5799', 'Indian', '1984-10-20', 'Male', 'AI');
INSERT INTO `airport_db`.`airline_crew` (`Aadhar_card_number`, `First Name`, `Middle Name`, `Last Name`, `Number of years of Experience`, `Salary`, `Nationality`, `DOB`, `Gender`, `fk_to_Airline_employer_IATA_code`) VALUES ('178901887912', 'NADIRI', 'SA', 'SAUNDERS', '1', '2132', 'Indian', '2008-5-27', 'Female', 'G8');
INSERT INTO `airport_db`.`airline_crew` (`Aadhar_card_number`, `First Name`, `Middle Name`, `Last Name`, `Number of years of Experience`, `Salary`, `Nationality`, `DOB`, `Gender`, `fk_to_Airline_employer_IATA_code`) VALUES ('968293757996', 'CRISTINA', 'EA', 'ALEGRIA', '1', '2032', 'Indian', '1950-1-3', 'Female', 'UK');
INSERT INTO `airport_db`.`airline_crew` (`Aadhar_card_number`, `First Name`, `Middle Name`, `Last Name`, `Number of years of Experience`, `Salary`, `Nationality`, `DOB`, `Gender`, `fk_to_Airline_employer_IATA_code`) VALUES ('987073359667', 'ANTHONY', 'AA', 'BATTLE', '1', '4176', 'Indian', '2004-1-8', 'Male', '6E');
INSERT INTO `airport_db`.`airline_crew` (`Aadhar_card_number`, `First Name`, `Middle Name`, `Last Name`, `Number of years of Experience`, `Salary`, `Nationality`, `DOB`, `Gender`, `fk_to_Airline_employer_IATA_code`) VALUES ('464486919784', 'RENA', 'CA', 'TURPIN', '1', '1130', 'Indian', '1961-2-12', 'Female', 'SG');
INSERT INTO `airport_db`.`airline_crew` (`Aadhar_card_number`, `First Name`, `Middle Name`, `Last Name`, `Number of years of Experience`, `Salary`, `Nationality`, `DOB`, `Gender`, `fk_to_Airline_employer_IATA_code`) VALUES ('272041370301', 'DIEGO', 'RA', 'MORALES', '1', '9752', 'Indian', '1994-9-6', 'Male', 'AI');
INSERT INTO `airport_db`.`airline_crew` (`Aadhar_card_number`, `First Name`, `Middle Name`, `Last Name`, `Number of years of Experience`, `Salary`, `Nationality`, `DOB`, `Gender`, `fk_to_Airline_employer_IATA_code`) VALUES ('774444132904', 'LATASHA', 'MA', 'ADDISON', '1', '4670', 'Indian', '1958-11-5', 'Female', 'G8');
INSERT INTO `airport_db`.`airline_crew` (`Aadhar_card_number`, `First Name`, `Middle Name`, `Last Name`, `Number of years of Experience`, `Salary`, `Nationality`, `DOB`, `Gender`, `fk_to_Airline_employer_IATA_code`) VALUES ('419649385822', 'RISHAUNDA', 'A', 'ANDREWS', '1', '7795', 'Indian', '1973-5-10', 'Female', 'UK');
INSERT INTO `airport_db`.`airline_crew` (`Aadhar_card_number`, `First Name`, `Middle Name`, `Last Name`, `Number of years of Experience`, `Salary`, `Nationality`, `DOB`, `Gender`, `fk_to_Airline_employer_IATA_code`) VALUES ('952078195347', 'RONALD', 'A', 'BRANCH', '2', '6864', 'Indian', '1961-7-19', 'Male', '6E');
INSERT INTO `airport_db`.`airline_crew` (`Aadhar_card_number`, `First Name`, `Middle Name`, `Last Name`, `Number of years of Experience`, `Salary`, `Nationality`, `DOB`, `Gender`, `fk_to_Airline_employer_IATA_code`) VALUES ('365788043732', 'ANDREW', 'A', 'CHEBUHAR', '2', '9512', 'Indian', '2019-10-12', 'Male', 'SG');
INSERT INTO `airport_db`.`airline_crew` (`Aadhar_card_number`, `First Name`, `Middle Name`, `Last Name`, `Number of years of Experience`, `Salary`, `Nationality`, `DOB`, `Gender`, `fk_to_Airline_employer_IATA_code`) VALUES ('523364866992', 'MICHELLE', 'MA', 'CIPRES', '2', '5899', 'Indian', '1988-2-25', 'Female', 'AI');
INSERT INTO `airport_db`.`airline_crew` (`Aadhar_card_number`, `First Name`, `Middle Name`, `Last Name`, `Number of years of Experience`, `Salary`, `Nationality`, `DOB`, `Gender`, `fk_to_Airline_employer_IATA_code`) VALUES ('682892019010', 'DENISE', 'A', 'DAVENPORT', '2', '3545', 'Indian', '1984-1-16', 'Male', 'G8');
INSERT INTO `airport_db`.`airline_crew` (`Aadhar_card_number`, `First Name`, `Middle Name`, `Last Name`, `Number of years of Experience`, `Salary`, `Nationality`, `DOB`, `Gender`, `fk_to_Airline_employer_IATA_code`) VALUES ('436363863265', 'SARA', 'A', 'DOE', '2', '5417', 'Indian', '2003-4-1', 'Female', 'UK');
INSERT INTO `airport_db`.`airline_crew` (`Aadhar_card_number`, `First Name`, `Middle Name`, `Last Name`, `Number of years of Experience`, `Salary`, `Nationality`, `DOB`, `Gender`, `fk_to_Airline_employer_IATA_code`) VALUES ('659471917725', 'ASHANTA', 'PA', 'HARRISON', '2', '1687', 'Indian', '1971-2-6', 'Male', '6E');
INSERT INTO `airport_db`.`airline_crew` (`Aadhar_card_number`, `First Name`, `Middle Name`, `Last Name`, `Number of years of Experience`, `Salary`, `Nationality`, `DOB`, `Gender`, `fk_to_Airline_employer_IATA_code`) VALUES ('773578728750', 'LIONEL', 'JA', 'HOLMES', '2', '7581', 'Indian', '1988-1-22', 'Male', 'SG');
INSERT INTO `airport_db`.`airline_crew` (`Aadhar_card_number`, `First Name`, `Middle Name`, `Last Name`, `Number of years of Experience`, `Salary`, `Nationality`, `DOB`, `Gender`, `fk_to_Airline_employer_IATA_code`) VALUES ('788035500462', 'RENEE', 'A', 'JACKSON', '2', '6232', 'Indian', '1950-9-22', 'Female', 'AI');
INSERT INTO `airport_db`.`airline_crew` (`Aadhar_card_number`, `First Name`, `Middle Name`, `Last Name`, `Number of years of Experience`, `Salary`, `Nationality`, `DOB`, `Gender`, `fk_to_Airline_employer_IATA_code`) VALUES ('482861471480', 'SONYA', 'RA', 'JACKSON', '3', '8021', 'Indian', '1958-12-14', 'Female', 'G8');
INSERT INTO `airport_db`.`airline_crew` (`Aadhar_card_number`, `First Name`, `Middle Name`, `Last Name`, `Number of years of Experience`, `Salary`, `Nationality`, `DOB`, `Gender`, `fk_to_Airline_employer_IATA_code`) VALUES ('887225220049', 'ALEX', 'A', 'KERNER', '3', '3639', 'Indian', '2001-7-11', 'Male', 'UK');
INSERT INTO `airport_db`.`airline_crew` (`Aadhar_card_number`, `First Name`, `Middle Name`, `Last Name`, `Number of years of Experience`, `Salary`, `Nationality`, `DOB`, `Gender`, `fk_to_Airline_employer_IATA_code`) VALUES ('539894579755', 'XENA', 'A', 'LOPEZ', '3', '8848', 'Indian', '1997-1-14', 'Female', '6E');
INSERT INTO `airport_db`.`airline_crew` (`Aadhar_card_number`, `First Name`, `Middle Name`, `Last Name`, `Number of years of Experience`, `Salary`, `Nationality`, `DOB`, `Gender`, `fk_to_Airline_employer_IATA_code`) VALUES ('685850699467', 'GUILLERMO', 'A', 'LUGO', '3', '6359', 'Indian', '2005-12-26', 'Male', 'SG');
INSERT INTO `airport_db`.`airline_crew` (`Aadhar_card_number`, `First Name`, `Middle Name`, `Last Name`, `Number of years of Experience`, `Salary`, `Nationality`, `DOB`, `Gender`, `fk_to_Airline_employer_IATA_code`) VALUES ('295985438642', 'ALVINA', 'A', 'LYNN', '3', '7818', 'Indian', '2001-10-1', 'Male', 'AI');
INSERT INTO `airport_db`.`airline_crew` (`Aadhar_card_number`, `First Name`, `Middle Name`, `Last Name`, `Number of years of Experience`, `Salary`, `Nationality`, `DOB`, `Gender`, `fk_to_Airline_employer_IATA_code`) VALUES ('387424604116', 'REYMUNDO', 'SA', 'MARTINEZ', '3', '5015', 'Indian', '2015-9-11', 'Male', 'G8');
INSERT INTO `airport_db`.`airline_crew` (`Aadhar_card_number`, `First Name`, `Middle Name`, `Last Name`, `Number of years of Experience`, `Salary`, `Nationality`, `DOB`, `Gender`, `fk_to_Airline_employer_IATA_code`) VALUES ('757544661652', 'ASHLEY', 'MA', 'MILLER', '3', '5083', 'Indian', '2008-10-3', 'Male', 'UK');
INSERT INTO `airport_db`.`airline_crew` (`Aadhar_card_number`, `First Name`, `Middle Name`, `Last Name`, `Number of years of Experience`, `Salary`, `Nationality`, `DOB`, `Gender`, `fk_to_Airline_employer_IATA_code`) VALUES ('996366605513', 'MARGARET', 'AA', 'NORRIS', '3', '9137', 'Indian', '1957-2-6', 'Female', '6E');
INSERT INTO `airport_db`.`airline_crew` (`Aadhar_card_number`, `First Name`, `Middle Name`, `Last Name`, `Number of years of Experience`, `Salary`, `Nationality`, `DOB`, `Gender`, `fk_to_Airline_employer_IATA_code`) VALUES ('559764090284', 'JOHN', 'A', 'PACIRA', '4', '5883', 'Indian', '2020-7-24', 'Male', 'SG');
INSERT INTO `airport_db`.`airline_crew` (`Aadhar_card_number`, `First Name`, `Middle Name`, `Last Name`, `Number of years of Experience`, `Salary`, `Nationality`, `DOB`, `Gender`, `fk_to_Airline_employer_IATA_code`) VALUES ('507987293417', 'D\'EONA', 'A', 'PHILLIPS', '4', '6193', 'Indian', '1985-3-8', 'Male', 'AI');
INSERT INTO `airport_db`.`airline_crew` (`Aadhar_card_number`, `First Name`, `Middle Name`, `Last Name`, `Number of years of Experience`, `Salary`, `Nationality`, `DOB`, `Gender`, `fk_to_Airline_employer_IATA_code`) VALUES ('576538804352', 'MARIA', 'RA', 'POTTS', '4', '4107', 'Indian', '1978-4-3', 'Female', 'G8');
INSERT INTO `airport_db`.`airline_crew` (`Aadhar_card_number`, `First Name`, `Middle Name`, `Last Name`, `Number of years of Experience`, `Salary`, `Nationality`, `DOB`, `Gender`, `fk_to_Airline_employer_IATA_code`) VALUES ('517628926875', 'ALLEN', 'LA', 'PULLIAM', '4', '7584', 'Indian', '1971-6-19', 'Male', 'UK');
INSERT INTO `airport_db`.`airline_crew` (`Aadhar_card_number`, `First Name`, `Middle Name`, `Last Name`, `Number of years of Experience`, `Salary`, `Nationality`, `DOB`, `Gender`, `fk_to_Airline_employer_IATA_code`) VALUES ('373431374191', 'SANDRA', 'A', 'SEREDA', '4', '1285', 'Indian', '1992-9-20', 'Female', '6E');
INSERT INTO `airport_db`.`airline_crew` (`Aadhar_card_number`, `First Name`, `Middle Name`, `Last Name`, `Number of years of Experience`, `Salary`, `Nationality`, `DOB`, `Gender`, `fk_to_Airline_employer_IATA_code`) VALUES ('436899770238', 'TIFFANY', 'A', 'SHELL', '4', '5742', 'Indian', '1960-12-4', 'Female', 'SG');
INSERT INTO `airport_db`.`airline_crew` (`Aadhar_card_number`, `First Name`, `Middle Name`, `Last Name`, `Number of years of Experience`, `Salary`, `Nationality`, `DOB`, `Gender`, `fk_to_Airline_employer_IATA_code`) VALUES ('172124790919', 'SILVIO', 'KA', 'SMERIGLIO', '4', '8767', 'Indian', '1962-11-4', 'Male', 'AI');
INSERT INTO `airport_db`.`airline_crew` (`Aadhar_card_number`, `First Name`, `Middle Name`, `Last Name`, `Number of years of Experience`, `Salary`, `Nationality`, `DOB`, `Gender`, `fk_to_Airline_employer_IATA_code`) VALUES ('311899954816', 'JEFFREY', 'DA', 'THIVEL', '4', '3200', 'Indian', '1970-8-4', 'Male', 'G8');
INSERT INTO `airport_db`.`airline_crew` (`Aadhar_card_number`, `First Name`, `Middle Name`, `Last Name`, `Number of years of Experience`, `Salary`, `Nationality`, `DOB`, `Gender`, `fk_to_Airline_employer_IATA_code`) VALUES ('189012025021', 'CYNTHIA', 'A', 'THOMAS', '5', '6367', 'Indian', '1986-8-21', 'Female', 'UK');
INSERT INTO `airport_db`.`airline_crew` (`Aadhar_card_number`, `First Name`, `Middle Name`, `Last Name`, `Number of years of Experience`, `Salary`, `Nationality`, `DOB`, `Gender`, `fk_to_Airline_employer_IATA_code`) VALUES ('593984902158', 'BRIANNA', 'VA', 'VANCANT', '5', '6652', 'Indian', '1992-8-6', 'Female', '6E');
INSERT INTO `airport_db`.`airline_crew` (`Aadhar_card_number`, `First Name`, `Middle Name`, `Last Name`, `Number of years of Experience`, `Salary`, `Nationality`, `DOB`, `Gender`, `fk_to_Airline_employer_IATA_code`) VALUES ('823455853160', 'ASHANTHI', 'AA', 'VAUGHN', '5', '2982', 'Indian', '2013-2-28', 'Female', 'SG');
INSERT INTO `airport_db`.`airline_crew` (`Aadhar_card_number`, `First Name`, `Middle Name`, `Last Name`, `Number of years of Experience`, `Salary`, `Nationality`, `DOB`, `Gender`, `fk_to_Airline_employer_IATA_code`) VALUES ('279413154352', 'TAMIKA', 'RA', 'WESTMORELAND', '5', '7184', 'Indian', '2013-11-6', 'Female', 'AI');
INSERT INTO `airport_db`.`airline_crew` (`Aadhar_card_number`, `First Name`, `Middle Name`, `Last Name`, `Number of years of Experience`, `Salary`, `Nationality`, `DOB`, `Gender`, `fk_to_Airline_employer_IATA_code`) VALUES ('113128320405', 'DOROTA', 'A', 'WILCZEWSKA', '5', '6133', 'Indian', '1968-3-22', 'Female', 'G8');
INSERT INTO `airport_db`.`airline_crew` (`Aadhar_card_number`, `First Name`, `Middle Name`, `Last Name`, `Number of years of Experience`, `Salary`, `Nationality`, `DOB`, `Gender`, `fk_to_Airline_employer_IATA_code`) VALUES ('392948176090', 'GLORIA', 'VA', 'WILLIAMS', '5', '8420', 'Indian', '1965-10-26', 'Female', 'UK');
INSERT INTO `airport_db`.`airline_crew` (`Aadhar_card_number`, `First Name`, `Middle Name`, `Last Name`, `Number of years of Experience`, `Salary`, `Nationality`, `DOB`, `Gender`, `fk_to_Airline_employer_IATA_code`) VALUES ('508612826180', 'GWENDOLYN', 'KA', 'WILLIAMS', '5', '5170', 'Indian', '2020-11-1', 'Male', '6E');
INSERT INTO `airport_db`.`airline_crew` (`Aadhar_card_number`, `First Name`, `Middle Name`, `Last Name`, `Number of years of Experience`, `Salary`, `Nationality`, `DOB`, `Gender`, `fk_to_Airline_employer_IATA_code`) VALUES ('233363221108', 'NATHAN', 'NA', 'GASS', '5', '7230', 'Indian', '1982-11-23', 'Male', 'SG');
INSERT INTO `airport_db`.`airline_crew` (`Aadhar_card_number`, `First Name`, `Middle Name`, `Last Name`, `Number of years of Experience`, `Salary`, `Nationality`, `DOB`, `Gender`, `fk_to_Airline_employer_IATA_code`) VALUES ('749515388866', 'RAVEN', 'SA', 'JOHNSON', '5', '8356', 'Indian', '1986-3-6', 'Male', 'AI');
INSERT INTO `airport_db`.`airline_crew` (`Aadhar_card_number`, `First Name`, `Middle Name`, `Last Name`, `Number of years of Experience`, `Salary`, `Nationality`, `DOB`, `Gender`, `fk_to_Airline_employer_IATA_code`) VALUES ('164713043824', 'EMANUEL', 'AA', 'MORENO', '5', '6589', 'Indian', '1973-8-13', 'Male', 'G8');
INSERT INTO `airport_db`.`airline_crew` (`Aadhar_card_number`, `First Name`, `Middle Name`, `Last Name`, `Number of years of Experience`, `Salary`, `Nationality`, `DOB`, `Gender`, `fk_to_Airline_employer_IATA_code`) VALUES ('637470568896', 'ARMANDO', 'JA', 'VELAZQUEZ', '6', '7711', 'Indian', '1957-5-15', 'Male', 'UK');
INSERT INTO `airport_db`.`airline_crew` (`Aadhar_card_number`, `First Name`, `Middle Name`, `Last Name`, `Number of years of Experience`, `Salary`, `Nationality`, `DOB`, `Gender`, `fk_to_Airline_employer_IATA_code`) VALUES ('874814427763', 'NICHOLAS', 'CA', 'CASPER', '6', '3709', 'Indian', '2009-4-25', 'Male', '6E');
INSERT INTO `airport_db`.`airline_crew` (`Aadhar_card_number`, `First Name`, `Middle Name`, `Last Name`, `Number of years of Experience`, `Salary`, `Nationality`, `DOB`, `Gender`, `fk_to_Airline_employer_IATA_code`) VALUES ('777211077788', 'MIA', 'A', 'WILLIAMS', '6', '5733', 'Indian', '1991-5-2', 'Female', 'SG');
INSERT INTO `airport_db`.`airline_crew` (`Aadhar_card_number`, `First Name`, `Middle Name`, `Last Name`, `Number of years of Experience`, `Salary`, `Nationality`, `DOB`, `Gender`, `fk_to_Airline_employer_IATA_code`) VALUES ('767644651742', 'VANESSA', 'A', 'ARANDA-ORTIZ', '6', '5905', 'Indian', '2008-8-18', 'Female', 'AI');
INSERT INTO `airport_db`.`airline_crew` (`Aadhar_card_number`, `First Name`, `Middle Name`, `Last Name`, `Number of years of Experience`, `Salary`, `Nationality`, `DOB`, `Gender`, `fk_to_Airline_employer_IATA_code`) VALUES ('120295354135', 'KYLIE', 'LA', 'RUSCHEINSKI', '6', '9180', 'Indian', '2009-9-14', 'Female', 'G8');
INSERT INTO `airport_db`.`airline_crew` (`Aadhar_card_number`, `First Name`, `Middle Name`, `Last Name`, `Number of years of Experience`, `Salary`, `Nationality`, `DOB`, `Gender`, `fk_to_Airline_employer_IATA_code`) VALUES ('447585081788', 'JASMINE', 'MA', 'BAKER', '6', '4196', 'Indian', '2013-7-6', 'Female', 'UK');
INSERT INTO `airport_db`.`airline_crew` (`Aadhar_card_number`, `First Name`, `Middle Name`, `Last Name`, `Number of years of Experience`, `Salary`, `Nationality`, `DOB`, `Gender`, `fk_to_Airline_employer_IATA_code`) VALUES ('309085507854', 'ALICIA', 'A', 'IVY', '6', '4575', 'Indian', '2018-8-23', 'Male', '6E');
INSERT INTO `airport_db`.`airline_crew` (`Aadhar_card_number`, `First Name`, `Middle Name`, `Last Name`, `Number of years of Experience`, `Salary`, `Nationality`, `DOB`, `Gender`, `fk_to_Airline_employer_IATA_code`) VALUES ('341648440548', 'NICOLLE', 'MA', 'BROWN', '6', '3458', 'Indian', '2005-10-1', 'Male', 'SG');
INSERT INTO `airport_db`.`airline_crew` (`Aadhar_card_number`, `First Name`, `Middle Name`, `Last Name`, `Number of years of Experience`, `Salary`, `Nationality`, `DOB`, `Gender`, `fk_to_Airline_employer_IATA_code`) VALUES ('463262786649', 'LIONEL', 'LA', 'GARZA III', '6', '4182', 'Indian', '1987-8-10', 'Male', 'AI');
INSERT INTO `airport_db`.`airline_crew` (`Aadhar_card_number`, `First Name`, `Middle Name`, `Last Name`, `Number of years of Experience`, `Salary`, `Nationality`, `DOB`, `Gender`, `fk_to_Airline_employer_IATA_code`) VALUES ('427691459617', 'DOLORES', 'A', 'GODINEZ', '7', '3295', 'Indian', '1990-5-6', 'Male', 'G8');
INSERT INTO `airport_db`.`airline_crew` (`Aadhar_card_number`, `First Name`, `Middle Name`, `Last Name`, `Number of years of Experience`, `Salary`, `Nationality`, `DOB`, `Gender`, `fk_to_Airline_employer_IATA_code`) VALUES ('139446154652', 'PETER', 'AA', 'HAMILTON', '7', '7545', 'Indian', '1987-7-13', 'Male', 'UK');
INSERT INTO `airport_db`.`airline_crew` (`Aadhar_card_number`, `First Name`, `Middle Name`, `Last Name`, `Number of years of Experience`, `Salary`, `Nationality`, `DOB`, `Gender`, `fk_to_Airline_employer_IATA_code`) VALUES ('816989698738', 'ROBERT', 'RA', 'KUSCHELL', '7', '9719', 'Indian', '2018-8-25', 'Male', '6E');
INSERT INTO `airport_db`.`airline_crew` (`Aadhar_card_number`, `First Name`, `Middle Name`, `Last Name`, `Number of years of Experience`, `Salary`, `Nationality`, `DOB`, `Gender`, `fk_to_Airline_employer_IATA_code`) VALUES ('492889047751', 'DARRIN', 'SA', 'PATTON', '8', '9096', 'Indian', '1972-1-21', 'Male', 'SG');
INSERT INTO `airport_db`.`airline_crew` (`Aadhar_card_number`, `First Name`, `Middle Name`, `Last Name`, `Number of years of Experience`, `Salary`, `Nationality`, `DOB`, `Gender`, `fk_to_Airline_employer_IATA_code`) VALUES ('740585609636', 'MARIBEL', 'LA', 'SALDANA', '8', '6329', 'Indian', '1983-8-11', 'Female', 'AI');
INSERT INTO `airport_db`.`airline_crew` (`Aadhar_card_number`, `First Name`, `Middle Name`, `Last Name`, `Number of years of Experience`, `Salary`, `Nationality`, `DOB`, `Gender`, `fk_to_Airline_employer_IATA_code`) VALUES ('590695444281', 'FRANKIE', 'RA', 'CARODINE', '8', '4032', 'Indian', '1958-10-22', 'Male', 'G8');
INSERT INTO `airport_db`.`airline_crew` (`Aadhar_card_number`, `First Name`, `Middle Name`, `Last Name`, `Number of years of Experience`, `Salary`, `Nationality`, `DOB`, `Gender`, `fk_to_Airline_employer_IATA_code`) VALUES ('998727690821', 'EDWARD', 'SA', 'DETRAYON', '8', '6096', 'Indian', '1973-4-4', 'Male', 'UK');
INSERT INTO `airport_db`.`airline_crew` (`Aadhar_card_number`, `First Name`, `Middle Name`, `Last Name`, `Number of years of Experience`, `Salary`, `Nationality`, `DOB`, `Gender`, `fk_to_Airline_employer_IATA_code`) VALUES ('533489174577', 'TYANA', 'GA', 'PARKER', '8', '1100', 'Indian', '2010-5-4', 'Female', '6E');
INSERT INTO `airport_db`.`airline_crew` (`Aadhar_card_number`, `First Name`, `Middle Name`, `Last Name`, `Number of years of Experience`, `Salary`, `Nationality`, `DOB`, `Gender`, `fk_to_Airline_employer_IATA_code`) VALUES ('895942302481', 'NICOLE', 'A', 'ALSTON', '8', '8372', 'Indian', '2006-9-26', 'Female', 'SG');
INSERT INTO `airport_db`.`airline_crew` (`Aadhar_card_number`, `First Name`, `Middle Name`, `Last Name`, `Number of years of Experience`, `Salary`, `Nationality`, `DOB`, `Gender`, `fk_to_Airline_employer_IATA_code`) VALUES ('263894653433', 'ANDRE', 'A', 'ANDREWS JR', '9', '8663', 'Indian', '1961-11-17', 'Male', 'AI');
INSERT INTO `airport_db`.`airline_crew` (`Aadhar_card_number`, `First Name`, `Middle Name`, `Last Name`, `Number of years of Experience`, `Salary`, `Nationality`, `DOB`, `Gender`, `fk_to_Airline_employer_IATA_code`) VALUES ('989795868900', 'GERALD', 'CA', 'BRITTS', '9', '2370', 'Indian', '1968-8-15', 'Male', 'G8');
INSERT INTO `airport_db`.`airline_crew` (`Aadhar_card_number`, `First Name`, `Middle Name`, `Last Name`, `Number of years of Experience`, `Salary`, `Nationality`, `DOB`, `Gender`, `fk_to_Airline_employer_IATA_code`) VALUES ('929409113318', 'EMANUEL', 'AA', 'BUFORD', '9', '4704', 'Indian', '1995-8-10', 'Male', 'UK');
INSERT INTO `airport_db`.`airline_crew` (`Aadhar_card_number`, `First Name`, `Middle Name`, `Last Name`, `Number of years of Experience`, `Salary`, `Nationality`, `DOB`, `Gender`, `fk_to_Airline_employer_IATA_code`) VALUES ('898590197215', 'COURTNEY', 'AA', 'CEASAR', '9', '7328', 'Indian', '2013-9-25', 'Male', '6E');
INSERT INTO `airport_db`.`airline_crew` (`Aadhar_card_number`, `First Name`, `Middle Name`, `Last Name`, `Number of years of Experience`, `Salary`, `Nationality`, `DOB`, `Gender`, `fk_to_Airline_employer_IATA_code`) VALUES ('885349935083', 'CHARLES', 'EA', 'COPELAND III', '9', '2581', 'Indian', '1951-8-10', 'Male', 'SG');
INSERT INTO `airport_db`.`airline_crew` (`Aadhar_card_number`, `First Name`, `Middle Name`, `Last Name`, `Number of years of Experience`, `Salary`, `Nationality`, `DOB`, `Gender`, `fk_to_Airline_employer_IATA_code`) VALUES ('915403132186', 'JOCELYN', 'MA', 'HODGE', '9', '6175', 'Indian', '1967-9-10', 'Male', 'AI');
INSERT INTO `airport_db`.`airline_crew` (`Aadhar_card_number`, `First Name`, `Middle Name`, `Last Name`, `Number of years of Experience`, `Salary`, `Nationality`, `DOB`, `Gender`, `fk_to_Airline_employer_IATA_code`) VALUES ('947056199545', 'LASHANDRIA', 'EA', 'JONES', '9', '6849', 'Indian', '1988-4-4', 'Female', 'G8');
INSERT INTO `airport_db`.`airline_crew` (`Aadhar_card_number`, `First Name`, `Middle Name`, `Last Name`, `Number of years of Experience`, `Salary`, `Nationality`, `DOB`, `Gender`, `fk_to_Airline_employer_IATA_code`) VALUES ('882529509704', 'CARLISA', 'A', 'LEE', '9', '7223', 'Indian', '1999-3-15', 'Female', 'UK');
INSERT INTO `airport_db`.`airline_crew` (`Aadhar_card_number`, `First Name`, `Middle Name`, `Last Name`, `Number of years of Experience`, `Salary`, `Nationality`, `DOB`, `Gender`, `fk_to_Airline_employer_IATA_code`) VALUES ('701316776234', 'ANGELIQUE', 'A', 'SCOTT', '9', '5625', 'Indian', '1968-9-8', 'Female', '6E');
INSERT INTO `airport_db`.`airline_crew` (`Aadhar_card_number`, `First Name`, `Middle Name`, `Last Name`, `Number of years of Experience`, `Salary`, `Nationality`, `DOB`, `Gender`, `fk_to_Airline_employer_IATA_code`) VALUES ('576404241274', 'DEON', 'SA', 'SUGGS', '9', '6415', 'Indian', '1962-10-9', 'Male', 'SG');
INSERT INTO `airport_db`.`airline_crew` (`Aadhar_card_number`, `First Name`, `Middle Name`, `Last Name`, `Number of years of Experience`, `Salary`, `Nationality`, `DOB`, `Gender`, `fk_to_Airline_employer_IATA_code`) VALUES ('351662528098', 'BARRY', 'A', 'TIDWELL', '10', '6371', 'Indian', '2013-12-28', 'Female', 'AI');
INSERT INTO `airport_db`.`airline_crew` (`Aadhar_card_number`, `First Name`, `Middle Name`, `Last Name`, `Number of years of Experience`, `Salary`, `Nationality`, `DOB`, `Gender`, `fk_to_Airline_employer_IATA_code`) VALUES ('723531887630', 'DONNA', 'A', 'SHIELDS', '10', '4984', 'Indian', '1997-1-16', 'Female', 'G8');
INSERT INTO `airport_db`.`airline_crew` (`Aadhar_card_number`, `First Name`, `Middle Name`, `Last Name`, `Number of years of Experience`, `Salary`, `Nationality`, `DOB`, `Gender`, `fk_to_Airline_employer_IATA_code`) VALUES ('271274517218', 'TIESHA', 'EA', 'THOMAS', '10', '2959', 'Indian', '1956-4-23', 'Female', 'UK');
INSERT INTO `airport_db`.`airline_crew` (`Aadhar_card_number`, `First Name`, `Middle Name`, `Last Name`, `Number of years of Experience`, `Salary`, `Nationality`, `DOB`, `Gender`, `fk_to_Airline_employer_IATA_code`) VALUES ('293071995777', 'PATRICIA', 'CA', 'HICKS', '10', '8246', 'Indian', '1993-5-21', 'Female', '6E');
INSERT INTO `airport_db`.`airline_crew` (`Aadhar_card_number`, `First Name`, `Middle Name`, `Last Name`, `Number of years of Experience`, `Salary`, `Nationality`, `DOB`, `Gender`, `fk_to_Airline_employer_IATA_code`) VALUES ('960473363810', 'ANISSA', 'A', 'DELGADO', '10', '1508', 'Indian', '1961-1-23', 'Female', 'SG');
INSERT INTO `airport_db`.`airline_crew` (`Aadhar_card_number`, `First Name`, `Middle Name`, `Last Name`, `Number of years of Experience`, `Salary`, `Nationality`, `DOB`, `Gender`, `fk_to_Airline_employer_IATA_code`) VALUES ('186480088941', 'TEVIN', 'A', 'MORRIS', '10', '4594', 'Indian', '2005-2-8', 'Male', 'AI');
INSERT INTO `airport_db`.`airline_crew` (`Aadhar_card_number`, `First Name`, `Middle Name`, `Last Name`, `Number of years of Experience`, `Salary`, `Nationality`, `DOB`, `Gender`, `fk_to_Airline_employer_IATA_code`) VALUES ('699936401511', 'BRITTANY', 'DA', 'PARNELL', '10', '4971', 'Indian', '2011-6-13', 'Female', 'G8');
INSERT INTO `airport_db`.`airline_crew` (`Aadhar_card_number`, `First Name`, `Middle Name`, `Last Name`, `Number of years of Experience`, `Salary`, `Nationality`, `DOB`, `Gender`, `fk_to_Airline_employer_IATA_code`) VALUES ('229570111446', 'JASMIN', 'DA', 'PLASCENCIA', '10', '6647', 'Indian', '1970-2-26', 'Female', 'UK');
INSERT INTO `airport_db`.`airline_crew` (`Aadhar_card_number`, `First Name`, `Middle Name`, `Last Name`, `Number of years of Experience`, `Salary`, `Nationality`, `DOB`, `Gender`, `fk_to_Airline_employer_IATA_code`) VALUES ('940190667854', 'FANNY', 'A', 'TERRY', '11', '2229', 'Indian', '2014-9-22', 'Male', '6E');
INSERT INTO `airport_db`.`airline_crew` (`Aadhar_card_number`, `First Name`, `Middle Name`, `Last Name`, `Number of years of Experience`, `Salary`, `Nationality`, `DOB`, `Gender`, `fk_to_Airline_employer_IATA_code`) VALUES ('994162770130', 'SELENA', 'EA', 'RODRIGUEZ', '11', '4719', 'Indian', '2009-3-21', 'Female', 'SG');
INSERT INTO `airport_db`.`airline_crew` (`Aadhar_card_number`, `First Name`, `Middle Name`, `Last Name`, `Number of years of Experience`, `Salary`, `Nationality`, `DOB`, `Gender`, `fk_to_Airline_employer_IATA_code`) VALUES ('562920204688', 'TAMARA', 'A', 'TARVER', '11', '5706', 'Indian', '1969-3-14', 'Male', 'AI');
INSERT INTO `airport_db`.`airline_crew` (`Aadhar_card_number`, `First Name`, `Middle Name`, `Last Name`, `Number of years of Experience`, `Salary`, `Nationality`, `DOB`, `Gender`, `fk_to_Airline_employer_IATA_code`) VALUES ('357284469139', 'MALCOLM', 'A', 'HONORABLE', '11', '5822', 'Indian', '1989-4-23', 'Male', 'G8');
INSERT INTO `airport_db`.`airline_crew` (`Aadhar_card_number`, `First Name`, `Middle Name`, `Last Name`, `Number of years of Experience`, `Salary`, `Nationality`, `DOB`, `Gender`, `fk_to_Airline_employer_IATA_code`) VALUES ('866295518182', 'CATHERINE', 'DA', 'HUTCHINS', '11', '1374', 'Indian', '2009-7-2', 'Female', 'UK');
INSERT INTO `airport_db`.`airline_crew` (`Aadhar_card_number`, `First Name`, `Middle Name`, `Last Name`, `Number of years of Experience`, `Salary`, `Nationality`, `DOB`, `Gender`, `fk_to_Airline_employer_IATA_code`) VALUES ('728003163445', 'ANDREA', 'EA', 'JONES', '12', '1394', 'Indian', '1952-3-28', 'Male', '6E');
INSERT INTO `airport_db`.`airline_crew` (`Aadhar_card_number`, `First Name`, `Middle Name`, `Last Name`, `Number of years of Experience`, `Salary`, `Nationality`, `DOB`, `Gender`, `fk_to_Airline_employer_IATA_code`) VALUES ('743180682606', 'SHALETA', 'A', 'MURDOCK', '12', '7951', 'Indian', '1969-8-24', 'Female', 'SG');
INSERT INTO `airport_db`.`airline_crew` (`Aadhar_card_number`, `First Name`, `Middle Name`, `Last Name`, `Number of years of Experience`, `Salary`, `Nationality`, `DOB`, `Gender`, `fk_to_Airline_employer_IATA_code`) VALUES ('725253952481', 'CARLY', 'SA', 'PODBIELSKI', '12', '8636', 'Indian', '2004-10-1', 'Male', 'AI');
INSERT INTO `airport_db`.`airline_crew` (`Aadhar_card_number`, `First Name`, `Middle Name`, `Last Name`, `Number of years of Experience`, `Salary`, `Nationality`, `DOB`, `Gender`, `fk_to_Airline_employer_IATA_code`) VALUES ('307444476492', 'MAYA', 'TA', 'HOOD', '12', '1760', 'Indian', '1983-6-8', 'Female', 'G8');
INSERT INTO `airport_db`.`airline_crew` (`Aadhar_card_number`, `First Name`, `Middle Name`, `Last Name`, `Number of years of Experience`, `Salary`, `Nationality`, `DOB`, `Gender`, `fk_to_Airline_employer_IATA_code`) VALUES ('201895719396', 'EVANN', 'AA', 'JOHNSON', '12', '2675', 'Indian', '1961-2-22', 'Male', 'UK');
INSERT INTO `airport_db`.`airline_crew` (`Aadhar_card_number`, `First Name`, `Middle Name`, `Last Name`, `Number of years of Experience`, `Salary`, `Nationality`, `DOB`, `Gender`, `fk_to_Airline_employer_IATA_code`) VALUES ('442222040823', 'LAI', 'KA', 'NG', '12', '4868', 'Indian', '1974-9-15', 'Female', '6E');
INSERT INTO `airport_db`.`airline_crew` (`Aadhar_card_number`, `First Name`, `Middle Name`, `Last Name`, `Number of years of Experience`, `Salary`, `Nationality`, `DOB`, `Gender`, `fk_to_Airline_employer_IATA_code`) VALUES ('350063861992', 'WILLIAM', 'PA', 'ZOPP', '13', '6374', 'Indian', '1994-8-3', 'Male', 'SG');
INSERT INTO `airport_db`.`airline_crew` (`Aadhar_card_number`, `First Name`, `Middle Name`, `Last Name`, `Number of years of Experience`, `Salary`, `Nationality`, `DOB`, `Gender`, `fk_to_Airline_employer_IATA_code`) VALUES ('710069101922', 'LISA', 'NA', 'STIGLER', '13', '2183', 'Indian', '1995-4-6', 'Female', 'AI');
INSERT INTO `airport_db`.`airline_crew` (`Aadhar_card_number`, `First Name`, `Middle Name`, `Last Name`, `Number of years of Experience`, `Salary`, `Nationality`, `DOB`, `Gender`, `fk_to_Airline_employer_IATA_code`) VALUES ('801202304690', 'EDWARD', 'CA', 'THOMAS', '13', '1105', 'Indian', '1958-6-22', 'Male', 'G8');
INSERT INTO `airport_db`.`airline_crew` (`Aadhar_card_number`, `First Name`, `Middle Name`, `Last Name`, `Number of years of Experience`, `Salary`, `Nationality`, `DOB`, `Gender`, `fk_to_Airline_employer_IATA_code`) VALUES ('910746441422', 'DEDRICK', 'LA', 'BANKS', '13', '5065', 'Indian', '2000-7-21', 'Male', 'UK');
INSERT INTO `airport_db`.`airline_crew` (`Aadhar_card_number`, `First Name`, `Middle Name`, `Last Name`, `Number of years of Experience`, `Salary`, `Nationality`, `DOB`, `Gender`, `fk_to_Airline_employer_IATA_code`) VALUES ('727603019279', 'DAVID', 'NA', 'BROWN', '14', '9945', 'Indian', '1961-2-18', 'Male', '6E');
INSERT INTO `airport_db`.`airline_crew` (`Aadhar_card_number`, `First Name`, `Middle Name`, `Last Name`, `Number of years of Experience`, `Salary`, `Nationality`, `DOB`, `Gender`, `fk_to_Airline_employer_IATA_code`) VALUES ('984116856572', 'JOSE', 'LA', 'CORDOVA', '15', '7497', 'Indian', '1975-7-24', 'Male', 'SG');
INSERT INTO `airport_db`.`airline_crew` (`Aadhar_card_number`, `First Name`, `Middle Name`, `Last Name`, `Number of years of Experience`, `Salary`, `Nationality`, `DOB`, `Gender`, `fk_to_Airline_employer_IATA_code`) VALUES ('852751115441', 'ANTOANETA', 'MA', 'IVANOVA', '16', '2619', 'Indian', '1987-8-13', 'Male', '6E');
INSERT INTO `airport_db`.`airline_crew` (`Aadhar_card_number`, `First Name`, `Middle Name`, `Last Name`, `Number of years of Experience`, `Salary`, `Nationality`, `DOB`, `Gender`, `fk_to_Airline_employer_IATA_code`) VALUES ('324523567094', 'ROLANDO', 'A', 'IVORY', '18', '9847', 'Indian', '2017-2-3', 'Male', 'SG');
INSERT INTO `airport_db`.`airline_crew` (`Aadhar_card_number`, `First Name`, `Middle Name`, `Last Name`, `Number of years of Experience`, `Salary`, `Nationality`, `DOB`, `Gender`, `fk_to_Airline_employer_IATA_code`) VALUES ('331235638977', 'LORRAINE', 'FA', 'MINOR', '20', '1997', 'Indian', '1984-1-16', 'Male', 'AI');
INSERT INTO `airport_db`.`airline_crew` (`Aadhar_card_number`, `First Name`, `Middle Name`, `Last Name`, `Number of years of Experience`, `Salary`, `Nationality`, `DOB`, `Gender`, `fk_to_Airline_employer_IATA_code`) VALUES ('901079987005', 'SHERECE', 'MA', 'YOUNG', '22', '7884', 'Indian', '1975-4-11', 'Female', 'G8');
INSERT INTO `airport_db`.`airline_crew` (`Aadhar_card_number`, `First Name`, `Middle Name`, `Last Name`, `Number of years of Experience`, `Salary`, `Nationality`, `DOB`, `Gender`, `fk_to_Airline_employer_IATA_code`) VALUES ('859876076991', 'LATONYAA', 'MA', 'FEDRICK', '25', '1624', 'Indian', '2015-6-24', 'Female', 'UK');
INSERT INTO `airport_db`.`airline_crew` (`Aadhar_card_number`, `First Name`, `Middle Name`, `Last Name`, `Number of years of Experience`, `Salary`, `Nationality`, `DOB`, `Gender`, `fk_to_Airline_employer_IATA_code`) VALUES ('742345609823', 'MANUEL', 'RA', 'MONDRAGON', '4', '20566', 'Indian', '1968-3-22', 'Female', '6E');
INSERT INTO `airport_db`.`airline_crew` (`Aadhar_card_number`, `First Name`, `Middle Name`, `Last Name`, `Number of years of Experience`, `Salary`, `Nationality`, `DOB`, `Gender`, `fk_to_Airline_employer_IATA_code`) VALUES ('508807841865', 'GERALD', 'A', 'NAVARRO', '5', '71457', 'Indian', '1965-10-26', 'Male', 'SG');
INSERT INTO `airport_db`.`airline_crew` (`Aadhar_card_number`, `First Name`, `Middle Name`, `Last Name`, `Number of years of Experience`, `Salary`, `Nationality`, `DOB`, `Gender`, `fk_to_Airline_employer_IATA_code`) VALUES ('743065235687', 'MICHELLE', 'VA', 'NIX', '3', '33870', 'Indian', '2020-11-1', 'Male', 'AI');
INSERT INTO `airport_db`.`airline_crew` (`Aadhar_card_number`, `First Name`, `Middle Name`, `Last Name`, `Number of years of Experience`, `Salary`, `Nationality`, `DOB`, `Gender`, `fk_to_Airline_employer_IATA_code`) VALUES ('117708762407', 'RADE', 'KA', 'OBRENIC', '5', '20566', 'Indian', '1982-11-23', 'Male', 'G8');
INSERT INTO `airport_db`.`airline_crew` (`Aadhar_card_number`, `First Name`, `Middle Name`, `Last Name`, `Number of years of Experience`, `Salary`, `Nationality`, `DOB`, `Gender`, `fk_to_Airline_employer_IATA_code`) VALUES ('844295166474', 'KAROL', 'NA', 'PADALA', '3', '71457', 'Indian', '1986-3-6', 'Male', 'UK');
INSERT INTO `airport_db`.`airline_crew` (`Aadhar_card_number`, `First Name`, `Middle Name`, `Last Name`, `Number of years of Experience`, `Salary`, `Nationality`, `DOB`, `Gender`, `fk_to_Airline_employer_IATA_code`) VALUES ('659520341336', 'JAMES', 'SA', 'PAWLAK', '6', '33870', 'Indian', '1973-8-13', 'Male', '6E');
INSERT INTO `airport_db`.`airline_crew` (`Aadhar_card_number`, `First Name`, `Middle Name`, `Last Name`, `Number of years of Experience`, `Salary`, `Nationality`, `DOB`, `Gender`, `fk_to_Airline_employer_IATA_code`) VALUES ('268709851713', 'MATTHEW', 'AA', 'PERNIC', '2', '92327', 'Indian', '1957-5-15', 'Female', 'SG');
INSERT INTO `airport_db`.`airline_crew` (`Aadhar_card_number`, `First Name`, `Middle Name`, `Last Name`, `Number of years of Experience`, `Salary`, `Nationality`, `DOB`, `Gender`, `fk_to_Airline_employer_IATA_code`) VALUES ('612272332784', 'CELINA', 'JA', 'QUINN', '4', '18430', 'Indian', '2009-4-25', 'Male', 'AI');
INSERT INTO `airport_db`.`airline_crew` (`Aadhar_card_number`, `First Name`, `Middle Name`, `Last Name`, `Number of years of Experience`, `Salary`, `Nationality`, `DOB`, `Gender`, `fk_to_Airline_employer_IATA_code`) VALUES ('382252530528', 'RICARDO', 'CA', 'RAMOS', '2', '65174', 'Indian', '1991-5-2', 'Male', 'G8');
INSERT INTO `airport_db`.`airline_crew` (`Aadhar_card_number`, `First Name`, `Middle Name`, `Last Name`, `Number of years of Experience`, `Salary`, `Nationality`, `DOB`, `Gender`, `fk_to_Airline_employer_IATA_code`) VALUES ('204847494048', 'CHRISTIANA', 'A', 'RENO', '5', '93237', 'Indian', '2008-8-18', 'Male', 'UK');
INSERT INTO `airport_db`.`airline_crew` (`Aadhar_card_number`, `First Name`, `Middle Name`, `Last Name`, `Number of years of Experience`, `Salary`, `Nationality`, `DOB`, `Gender`, `fk_to_Airline_employer_IATA_code`) VALUES ('926393263101', 'DEVAN', 'A', 'RICHARDSON', '5', '69207', 'Indian', '2009-9-14', 'Female', '6E');
INSERT INTO `airport_db`.`airline_crew` (`Aadhar_card_number`, `First Name`, `Middle Name`, `Last Name`, `Number of years of Experience`, `Salary`, `Nationality`, `DOB`, `Gender`, `fk_to_Airline_employer_IATA_code`) VALUES ('442125731778', 'EVETTE', 'LA', 'RIVERA', '1', '61042', 'Indian', '2013-7-6', 'Male', 'SG');
INSERT INTO `airport_db`.`airline_crew` (`Aadhar_card_number`, `First Name`, `Middle Name`, `Last Name`, `Number of years of Experience`, `Salary`, `Nationality`, `DOB`, `Gender`, `fk_to_Airline_employer_IATA_code`) VALUES ('138043292367', 'MARY', 'MA', 'RUGLIC', '2', '43389', 'Indian', '2018-8-23', 'Female', 'AI');
INSERT INTO `airport_db`.`airline_crew` (`Aadhar_card_number`, `First Name`, `Middle Name`, `Last Name`, `Number of years of Experience`, `Salary`, `Nationality`, `DOB`, `Gender`, `fk_to_Airline_employer_IATA_code`) VALUES ('452985909959', 'MARCOS', 'A', 'SANCHEZ', '3', '74604', 'Indian', '2005-10-1', 'Female', 'G8');
INSERT INTO `airport_db`.`airline_crew` (`Aadhar_card_number`, `First Name`, `Middle Name`, `Last Name`, `Number of years of Experience`, `Salary`, `Nationality`, `DOB`, `Gender`, `fk_to_Airline_employer_IATA_code`) VALUES ('972738450911', 'KIMBERLY', 'MA', 'SANDERS', '1', '17674', 'Indian', '1987-8-10', 'Male', 'UK');

INSERT INTO `airport_db`.`flight_crew` (`fk_to_airline_crew_Aadhar_card_number`) VALUES ('423842256711');
INSERT INTO `airport_db`.`flight_crew` (`fk_to_airline_crew_Aadhar_card_number`) VALUES ('487301900720');
INSERT INTO `airport_db`.`flight_crew` (`fk_to_airline_crew_Aadhar_card_number`) VALUES ('839379776636');
INSERT INTO `airport_db`.`flight_crew` (`fk_to_airline_crew_Aadhar_card_number`) VALUES ('763239030001');
INSERT INTO `airport_db`.`flight_crew` (`fk_to_airline_crew_Aadhar_card_number`) VALUES ('267270646226');
INSERT INTO `airport_db`.`flight_crew` (`fk_to_airline_crew_Aadhar_card_number`) VALUES ('705118388146');
INSERT INTO `airport_db`.`flight_crew` (`fk_to_airline_crew_Aadhar_card_number`) VALUES ('895445335106');
INSERT INTO `airport_db`.`flight_crew` (`fk_to_airline_crew_Aadhar_card_number`) VALUES ('573139661735');
INSERT INTO `airport_db`.`flight_crew` (`fk_to_airline_crew_Aadhar_card_number`) VALUES ('178901887912');
INSERT INTO `airport_db`.`flight_crew` (`fk_to_airline_crew_Aadhar_card_number`) VALUES ('968293757996');
INSERT INTO `airport_db`.`flight_crew` (`fk_to_airline_crew_Aadhar_card_number`) VALUES ('987073359667');
INSERT INTO `airport_db`.`flight_crew` (`fk_to_airline_crew_Aadhar_card_number`) VALUES ('464486919784');
INSERT INTO `airport_db`.`flight_crew` (`fk_to_airline_crew_Aadhar_card_number`) VALUES ('272041370301');
INSERT INTO `airport_db`.`flight_crew` (`fk_to_airline_crew_Aadhar_card_number`) VALUES ('774444132904');
INSERT INTO `airport_db`.`flight_crew` (`fk_to_airline_crew_Aadhar_card_number`) VALUES ('419649385822');
INSERT INTO `airport_db`.`flight_crew` (`fk_to_airline_crew_Aadhar_card_number`) VALUES ('952078195347');
INSERT INTO `airport_db`.`flight_crew` (`fk_to_airline_crew_Aadhar_card_number`) VALUES ('365788043732');
INSERT INTO `airport_db`.`flight_crew` (`fk_to_airline_crew_Aadhar_card_number`) VALUES ('523364866992');
INSERT INTO `airport_db`.`flight_crew` (`fk_to_airline_crew_Aadhar_card_number`) VALUES ('682892019010');
INSERT INTO `airport_db`.`flight_crew` (`fk_to_airline_crew_Aadhar_card_number`) VALUES ('436363863265');
INSERT INTO `airport_db`.`flight_crew` (`fk_to_airline_crew_Aadhar_card_number`) VALUES ('659471917725');
INSERT INTO `airport_db`.`flight_crew` (`fk_to_airline_crew_Aadhar_card_number`) VALUES ('773578728750');
INSERT INTO `airport_db`.`flight_crew` (`fk_to_airline_crew_Aadhar_card_number`) VALUES ('788035500462');
INSERT INTO `airport_db`.`flight_crew` (`fk_to_airline_crew_Aadhar_card_number`) VALUES ('482861471480');
INSERT INTO `airport_db`.`flight_crew` (`fk_to_airline_crew_Aadhar_card_number`) VALUES ('887225220049');
INSERT INTO `airport_db`.`flight_crew` (`fk_to_airline_crew_Aadhar_card_number`) VALUES ('539894579755');
INSERT INTO `airport_db`.`flight_crew` (`fk_to_airline_crew_Aadhar_card_number`) VALUES ('685850699467');
INSERT INTO `airport_db`.`flight_crew` (`fk_to_airline_crew_Aadhar_card_number`) VALUES ('295985438642');
INSERT INTO `airport_db`.`flight_crew` (`fk_to_airline_crew_Aadhar_card_number`) VALUES ('387424604116');
INSERT INTO `airport_db`.`flight_crew` (`fk_to_airline_crew_Aadhar_card_number`) VALUES ('757544661652');
INSERT INTO `airport_db`.`flight_crew` (`fk_to_airline_crew_Aadhar_card_number`) VALUES ('996366605513');
INSERT INTO `airport_db`.`flight_crew` (`fk_to_airline_crew_Aadhar_card_number`) VALUES ('559764090284');
INSERT INTO `airport_db`.`flight_crew` (`fk_to_airline_crew_Aadhar_card_number`) VALUES ('507987293417');
INSERT INTO `airport_db`.`flight_crew` (`fk_to_airline_crew_Aadhar_card_number`) VALUES ('576538804352');
INSERT INTO `airport_db`.`flight_crew` (`fk_to_airline_crew_Aadhar_card_number`) VALUES ('517628926875');
INSERT INTO `airport_db`.`flight_crew` (`fk_to_airline_crew_Aadhar_card_number`) VALUES ('373431374191');
INSERT INTO `airport_db`.`flight_crew` (`fk_to_airline_crew_Aadhar_card_number`) VALUES ('436899770238');
INSERT INTO `airport_db`.`flight_crew` (`fk_to_airline_crew_Aadhar_card_number`) VALUES ('172124790919');
INSERT INTO `airport_db`.`flight_crew` (`fk_to_airline_crew_Aadhar_card_number`) VALUES ('311899954816');
INSERT INTO `airport_db`.`flight_crew` (`fk_to_airline_crew_Aadhar_card_number`) VALUES ('189012025021');
INSERT INTO `airport_db`.`flight_crew` (`fk_to_airline_crew_Aadhar_card_number`) VALUES ('593984902158');
INSERT INTO `airport_db`.`flight_crew` (`fk_to_airline_crew_Aadhar_card_number`) VALUES ('823455853160');
INSERT INTO `airport_db`.`flight_crew` (`fk_to_airline_crew_Aadhar_card_number`) VALUES ('279413154352');
INSERT INTO `airport_db`.`flight_crew` (`fk_to_airline_crew_Aadhar_card_number`) VALUES ('113128320405');
INSERT INTO `airport_db`.`flight_crew` (`fk_to_airline_crew_Aadhar_card_number`) VALUES ('392948176090');
INSERT INTO `airport_db`.`flight_crew` (`fk_to_airline_crew_Aadhar_card_number`) VALUES ('508612826180');
INSERT INTO `airport_db`.`flight_crew` (`fk_to_airline_crew_Aadhar_card_number`) VALUES ('233363221108');
INSERT INTO `airport_db`.`flight_crew` (`fk_to_airline_crew_Aadhar_card_number`) VALUES ('749515388866');
INSERT INTO `airport_db`.`flight_crew` (`fk_to_airline_crew_Aadhar_card_number`) VALUES ('164713043824');
INSERT INTO `airport_db`.`flight_crew` (`fk_to_airline_crew_Aadhar_card_number`) VALUES ('637470568896');
INSERT INTO `airport_db`.`flight_crew` (`fk_to_airline_crew_Aadhar_card_number`) VALUES ('874814427763');
INSERT INTO `airport_db`.`flight_crew` (`fk_to_airline_crew_Aadhar_card_number`) VALUES ('777211077788');
INSERT INTO `airport_db`.`flight_crew` (`fk_to_airline_crew_Aadhar_card_number`) VALUES ('767644651742');
INSERT INTO `airport_db`.`flight_crew` (`fk_to_airline_crew_Aadhar_card_number`) VALUES ('120295354135');
INSERT INTO `airport_db`.`flight_crew` (`fk_to_airline_crew_Aadhar_card_number`) VALUES ('447585081788');
INSERT INTO `airport_db`.`flight_crew` (`fk_to_airline_crew_Aadhar_card_number`) VALUES ('309085507854');
INSERT INTO `airport_db`.`flight_crew` (`fk_to_airline_crew_Aadhar_card_number`) VALUES ('341648440548');
INSERT INTO `airport_db`.`flight_crew` (`fk_to_airline_crew_Aadhar_card_number`) VALUES ('463262786649');
INSERT INTO `airport_db`.`flight_crew` (`fk_to_airline_crew_Aadhar_card_number`) VALUES ('427691459617');
INSERT INTO `airport_db`.`flight_crew` (`fk_to_airline_crew_Aadhar_card_number`) VALUES ('139446154652');
INSERT INTO `airport_db`.`flight_crew` (`fk_to_airline_crew_Aadhar_card_number`) VALUES ('816989698738');
INSERT INTO `airport_db`.`flight_crew` (`fk_to_airline_crew_Aadhar_card_number`) VALUES ('492889047751');
INSERT INTO `airport_db`.`flight_crew` (`fk_to_airline_crew_Aadhar_card_number`) VALUES ('740585609636');
INSERT INTO `airport_db`.`flight_crew` (`fk_to_airline_crew_Aadhar_card_number`) VALUES ('590695444281');
INSERT INTO `airport_db`.`flight_crew` (`fk_to_airline_crew_Aadhar_card_number`) VALUES ('998727690821');
INSERT INTO `airport_db`.`flight_crew` (`fk_to_airline_crew_Aadhar_card_number`) VALUES ('533489174577');
INSERT INTO `airport_db`.`flight_crew` (`fk_to_airline_crew_Aadhar_card_number`) VALUES ('895942302481');
INSERT INTO `airport_db`.`flight_crew` (`fk_to_airline_crew_Aadhar_card_number`) VALUES ('915403132186');
INSERT INTO `airport_db`.`flight_crew` (`fk_to_airline_crew_Aadhar_card_number`) VALUES ('947056199545');
INSERT INTO `airport_db`.`flight_crew` (`fk_to_airline_crew_Aadhar_card_number`) VALUES ('882529509704');
INSERT INTO `airport_db`.`flight_crew` (`fk_to_airline_crew_Aadhar_card_number`) VALUES ('701316776234');
INSERT INTO `airport_db`.`flight_crew` (`fk_to_airline_crew_Aadhar_card_number`) VALUES ('576404241274');
INSERT INTO `airport_db`.`flight_crew` (`fk_to_airline_crew_Aadhar_card_number`) VALUES ('351662528098');
INSERT INTO `airport_db`.`flight_crew` (`fk_to_airline_crew_Aadhar_card_number`) VALUES ('723531887630');
INSERT INTO `airport_db`.`flight_crew` (`fk_to_airline_crew_Aadhar_card_number`) VALUES ('271274517218');
INSERT INTO `airport_db`.`flight_crew` (`fk_to_airline_crew_Aadhar_card_number`) VALUES ('940190667854');
INSERT INTO `airport_db`.`flight_crew` (`fk_to_airline_crew_Aadhar_card_number`) VALUES ('994162770130');
INSERT INTO `airport_db`.`flight_crew` (`fk_to_airline_crew_Aadhar_card_number`) VALUES ('562920204688');
INSERT INTO `airport_db`.`flight_crew` (`fk_to_airline_crew_Aadhar_card_number`) VALUES ('357284469139');
INSERT INTO `airport_db`.`flight_crew` (`fk_to_airline_crew_Aadhar_card_number`) VALUES ('866295518182');
INSERT INTO `airport_db`.`flight_crew` (`fk_to_airline_crew_Aadhar_card_number`) VALUES ('728003163445');
INSERT INTO `airport_db`.`flight_crew` (`fk_to_airline_crew_Aadhar_card_number`) VALUES ('743180682606');
INSERT INTO `airport_db`.`flight_crew` (`fk_to_airline_crew_Aadhar_card_number`) VALUES ('725253952481');
INSERT INTO `airport_db`.`flight_crew` (`fk_to_airline_crew_Aadhar_card_number`) VALUES ('801202304690');
INSERT INTO `airport_db`.`flight_crew` (`fk_to_airline_crew_Aadhar_card_number`) VALUES ('910746441422');
INSERT INTO `airport_db`.`flight_crew` (`fk_to_airline_crew_Aadhar_card_number`) VALUES ('727603019279');
INSERT INTO `airport_db`.`flight_crew` (`fk_to_airline_crew_Aadhar_card_number`) VALUES ('984116856572');
INSERT INTO `airport_db`.`flight_crew` (`fk_to_airline_crew_Aadhar_card_number`) VALUES ('852751115441');
INSERT INTO `airport_db`.`flight_crew` (`fk_to_airline_crew_Aadhar_card_number`) VALUES ('324523567094');
INSERT INTO `airport_db`.`flight_crew` (`fk_to_airline_crew_Aadhar_card_number`) VALUES ('331235638977');
INSERT INTO `airport_db`.`flight_crew` (`fk_to_airline_crew_Aadhar_card_number`) VALUES ('263894653433');
INSERT INTO `airport_db`.`flight_crew` (`fk_to_airline_crew_Aadhar_card_number`) VALUES ('989795868900');
INSERT INTO `airport_db`.`flight_crew` (`fk_to_airline_crew_Aadhar_card_number`) VALUES ('929409113318');
INSERT INTO `airport_db`.`flight_crew` (`fk_to_airline_crew_Aadhar_card_number`) VALUES ('898590197215');
INSERT INTO `airport_db`.`flight_crew` (`fk_to_airline_crew_Aadhar_card_number`) VALUES ('885349935083');
INSERT INTO `airport_db`.`flight_crew` (`fk_to_airline_crew_Aadhar_card_number`) VALUES ('293071995777');
INSERT INTO `airport_db`.`flight_crew` (`fk_to_airline_crew_Aadhar_card_number`) VALUES ('960473363810');
INSERT INTO `airport_db`.`flight_crew` (`fk_to_airline_crew_Aadhar_card_number`) VALUES ('186480088941');
INSERT INTO `airport_db`.`flight_crew` (`fk_to_airline_crew_Aadhar_card_number`) VALUES ('699936401511');
INSERT INTO `airport_db`.`flight_crew` (`fk_to_airline_crew_Aadhar_card_number`) VALUES ('229570111446');
INSERT INTO `airport_db`.`flight_crew` (`fk_to_airline_crew_Aadhar_card_number`) VALUES ('307444476492');
INSERT INTO `airport_db`.`flight_crew` (`fk_to_airline_crew_Aadhar_card_number`) VALUES ('201895719396');
INSERT INTO `airport_db`.`flight_crew` (`fk_to_airline_crew_Aadhar_card_number`) VALUES ('442222040823');
INSERT INTO `airport_db`.`flight_crew` (`fk_to_airline_crew_Aadhar_card_number`) VALUES ('350063861992');
INSERT INTO `airport_db`.`flight_crew` (`fk_to_airline_crew_Aadhar_card_number`) VALUES ('710069101922');
INSERT INTO `airport_db`.`flight_crew` (`fk_to_airline_crew_Aadhar_card_number`) VALUES ('901079987005');
INSERT INTO `airport_db`.`flight_crew` (`fk_to_airline_crew_Aadhar_card_number`) VALUES ('859876076991');

INSERT INTO `airport_db`.`Pilot` (`fk_to_flight_crew_Aadhar_card_number`, `Pilot license number`, `Number of flying hours`) VALUES ('427691459617', '143237675511', '20566');
INSERT INTO `airport_db`.`Pilot` (`fk_to_flight_crew_Aadhar_card_number`, `Pilot license number`, `Number of flying hours`) VALUES ('139446154652', '524774458664', '71457');
INSERT INTO `airport_db`.`Pilot` (`fk_to_flight_crew_Aadhar_card_number`, `Pilot license number`, `Number of flying hours`) VALUES ('816989698738', '661150524446', '33870');
INSERT INTO `airport_db`.`Pilot` (`fk_to_flight_crew_Aadhar_card_number`, `Pilot license number`, `Number of flying hours`) VALUES ('492889047751', '846255266160', '1139');
INSERT INTO `airport_db`.`Pilot` (`fk_to_flight_crew_Aadhar_card_number`, `Pilot license number`, `Number of flying hours`) VALUES ('740585609636', '103718540791', '2612');
INSERT INTO `airport_db`.`Pilot` (`fk_to_flight_crew_Aadhar_card_number`, `Pilot license number`, `Number of flying hours`) VALUES ('590695444281', '690717978037', '9905');
INSERT INTO `airport_db`.`Pilot` (`fk_to_flight_crew_Aadhar_card_number`, `Pilot license number`, `Number of flying hours`) VALUES ('998727690821', '573158997432', '71020');
INSERT INTO `airport_db`.`Pilot` (`fk_to_flight_crew_Aadhar_card_number`, `Pilot license number`, `Number of flying hours`) VALUES ('533489174577', '448679812176', '71');
INSERT INTO `airport_db`.`Pilot` (`fk_to_flight_crew_Aadhar_card_number`, `Pilot license number`, `Number of flying hours`) VALUES ('895942302481', '540228469986', '12717');
INSERT INTO `airport_db`.`Pilot` (`fk_to_flight_crew_Aadhar_card_number`, `Pilot license number`, `Number of flying hours`) VALUES ('576404241274', '251625264823', '92327');
INSERT INTO `airport_db`.`Pilot` (`fk_to_flight_crew_Aadhar_card_number`, `Pilot license number`, `Number of flying hours`) VALUES ('351662528098', '350522158966', '18430');
INSERT INTO `airport_db`.`Pilot` (`fk_to_flight_crew_Aadhar_card_number`, `Pilot license number`, `Number of flying hours`) VALUES ('723531887630', '305435512607', '65174');
INSERT INTO `airport_db`.`Pilot` (`fk_to_flight_crew_Aadhar_card_number`, `Pilot license number`, `Number of flying hours`) VALUES ('271274517218', '982572511921', '93237');
INSERT INTO `airport_db`.`Pilot` (`fk_to_flight_crew_Aadhar_card_number`, `Pilot license number`, `Number of flying hours`) VALUES ('866295518182', '991862478697', '69207');
INSERT INTO `airport_db`.`Pilot` (`fk_to_flight_crew_Aadhar_card_number`, `Pilot license number`, `Number of flying hours`) VALUES ('728003163445', '227181280736', '61042');
INSERT INTO `airport_db`.`Pilot` (`fk_to_flight_crew_Aadhar_card_number`, `Pilot license number`, `Number of flying hours`) VALUES ('743180682606', '624884196880', '43389');
INSERT INTO `airport_db`.`Pilot` (`fk_to_flight_crew_Aadhar_card_number`, `Pilot license number`, `Number of flying hours`) VALUES ('725253952481', '814731645998', '74604');
INSERT INTO `airport_db`.`Pilot` (`fk_to_flight_crew_Aadhar_card_number`, `Pilot license number`, `Number of flying hours`) VALUES ('852751115441', '189961712723', '17674');
INSERT INTO `airport_db`.`Pilot` (`fk_to_flight_crew_Aadhar_card_number`, `Pilot license number`, `Number of flying hours`) VALUES ('324523567094', '823622804182', '14986');
INSERT INTO `airport_db`.`Pilot` (`fk_to_flight_crew_Aadhar_card_number`, `Pilot license number`, `Number of flying hours`) VALUES ('331235638977', '448760540703', '50667');

INSERT INTO `airport_db`.`flight_attendant` (`fk_to_flight_crew_Aadhar_card_number`, `Training/Education`) VALUES ('423842256711', 'Flight Crew 1');
INSERT INTO `airport_db`.`flight_attendant` (`fk_to_flight_crew_Aadhar_card_number`, `Training/Education`) VALUES ('705118388146', 'Flight Crew 2');
INSERT INTO `airport_db`.`flight_attendant` (`fk_to_flight_crew_Aadhar_card_number`, `Training/Education`) VALUES ('987073359667', 'Flight Crew 3');
INSERT INTO `airport_db`.`flight_attendant` (`fk_to_flight_crew_Aadhar_card_number`, `Training/Education`) VALUES ('952078195347', 'Flight Crew 4');
INSERT INTO `airport_db`.`flight_attendant` (`fk_to_flight_crew_Aadhar_card_number`, `Training/Education`) VALUES ('659471917725', 'Flight Crew 5');
INSERT INTO `airport_db`.`flight_attendant` (`fk_to_flight_crew_Aadhar_card_number`, `Training/Education`) VALUES ('539894579755', 'Flight Crew 6');
INSERT INTO `airport_db`.`flight_attendant` (`fk_to_flight_crew_Aadhar_card_number`, `Training/Education`) VALUES ('996366605513', 'Flight Crew 7');
INSERT INTO `airport_db`.`flight_attendant` (`fk_to_flight_crew_Aadhar_card_number`, `Training/Education`) VALUES ('373431374191', 'Flight Crew 8');
INSERT INTO `airport_db`.`flight_attendant` (`fk_to_flight_crew_Aadhar_card_number`, `Training/Education`) VALUES ('593984902158', 'Flight Crew 9');
INSERT INTO `airport_db`.`flight_attendant` (`fk_to_flight_crew_Aadhar_card_number`, `Training/Education`) VALUES ('508612826180', 'Flight Crew 10');
INSERT INTO `airport_db`.`flight_attendant` (`fk_to_flight_crew_Aadhar_card_number`, `Training/Education`) VALUES ('874814427763', 'Flight Crew 11');
INSERT INTO `airport_db`.`flight_attendant` (`fk_to_flight_crew_Aadhar_card_number`, `Training/Education`) VALUES ('309085507854', 'Flight Crew 12');
INSERT INTO `airport_db`.`flight_attendant` (`fk_to_flight_crew_Aadhar_card_number`, `Training/Education`) VALUES ('701316776234', 'Sr. Flight Crew Training');
INSERT INTO `airport_db`.`flight_attendant` (`fk_to_flight_crew_Aadhar_card_number`, `Training/Education`) VALUES ('940190667854', 'Sr. Flight Crew Training');
INSERT INTO `airport_db`.`flight_attendant` (`fk_to_flight_crew_Aadhar_card_number`, `Training/Education`) VALUES ('727603019279', 'Sr. Flight Crew Training');
INSERT INTO `airport_db`.`flight_attendant` (`fk_to_flight_crew_Aadhar_card_number`, `Training/Education`) VALUES ('839379776636', 'Flight Crew 1');
INSERT INTO `airport_db`.`flight_attendant` (`fk_to_flight_crew_Aadhar_card_number`, `Training/Education`) VALUES ('573139661735', 'Flight Crew 2');
INSERT INTO `airport_db`.`flight_attendant` (`fk_to_flight_crew_Aadhar_card_number`, `Training/Education`) VALUES ('272041370301', 'Flight Crew 3');
INSERT INTO `airport_db`.`flight_attendant` (`fk_to_flight_crew_Aadhar_card_number`, `Training/Education`) VALUES ('523364866992', 'Flight Crew 4');
INSERT INTO `airport_db`.`flight_attendant` (`fk_to_flight_crew_Aadhar_card_number`, `Training/Education`) VALUES ('788035500462', 'Flight Crew 5');
INSERT INTO `airport_db`.`flight_attendant` (`fk_to_flight_crew_Aadhar_card_number`, `Training/Education`) VALUES ('295985438642', 'Flight Crew 6');
INSERT INTO `airport_db`.`flight_attendant` (`fk_to_flight_crew_Aadhar_card_number`, `Training/Education`) VALUES ('507987293417', 'Flight Crew 7');
INSERT INTO `airport_db`.`flight_attendant` (`fk_to_flight_crew_Aadhar_card_number`, `Training/Education`) VALUES ('172124790919', 'Flight Crew 8');
INSERT INTO `airport_db`.`flight_attendant` (`fk_to_flight_crew_Aadhar_card_number`, `Training/Education`) VALUES ('279413154352', 'Flight Crew 9');
INSERT INTO `airport_db`.`flight_attendant` (`fk_to_flight_crew_Aadhar_card_number`, `Training/Education`) VALUES ('749515388866', 'Flight Crew 10');
INSERT INTO `airport_db`.`flight_attendant` (`fk_to_flight_crew_Aadhar_card_number`, `Training/Education`) VALUES ('767644651742', 'Flight Crew 11');
INSERT INTO `airport_db`.`flight_attendant` (`fk_to_flight_crew_Aadhar_card_number`, `Training/Education`) VALUES ('463262786649', 'Flight Crew 12');
INSERT INTO `airport_db`.`flight_attendant` (`fk_to_flight_crew_Aadhar_card_number`, `Training/Education`) VALUES ('915403132186', 'Sr. Flight Crew Training');
INSERT INTO `airport_db`.`flight_attendant` (`fk_to_flight_crew_Aadhar_card_number`, `Training/Education`) VALUES ('562920204688', 'Sr. Flight Crew Training');
INSERT INTO `airport_db`.`flight_attendant` (`fk_to_flight_crew_Aadhar_card_number`, `Training/Education`) VALUES ('763239030001', 'Flight Crew 1');
INSERT INTO `airport_db`.`flight_attendant` (`fk_to_flight_crew_Aadhar_card_number`, `Training/Education`) VALUES ('178901887912', 'Flight Crew 2');
INSERT INTO `airport_db`.`flight_attendant` (`fk_to_flight_crew_Aadhar_card_number`, `Training/Education`) VALUES ('774444132904', 'Flight Crew 3');
INSERT INTO `airport_db`.`flight_attendant` (`fk_to_flight_crew_Aadhar_card_number`, `Training/Education`) VALUES ('682892019010', 'Flight Crew 4');
INSERT INTO `airport_db`.`flight_attendant` (`fk_to_flight_crew_Aadhar_card_number`, `Training/Education`) VALUES ('482861471480', 'Flight Crew 5');
INSERT INTO `airport_db`.`flight_attendant` (`fk_to_flight_crew_Aadhar_card_number`, `Training/Education`) VALUES ('387424604116', 'Flight Crew 6');
INSERT INTO `airport_db`.`flight_attendant` (`fk_to_flight_crew_Aadhar_card_number`, `Training/Education`) VALUES ('576538804352', 'Flight Crew 7');
INSERT INTO `airport_db`.`flight_attendant` (`fk_to_flight_crew_Aadhar_card_number`, `Training/Education`) VALUES ('311899954816', 'Flight Crew 8');
INSERT INTO `airport_db`.`flight_attendant` (`fk_to_flight_crew_Aadhar_card_number`, `Training/Education`) VALUES ('113128320405', 'Flight Crew 9');
INSERT INTO `airport_db`.`flight_attendant` (`fk_to_flight_crew_Aadhar_card_number`, `Training/Education`) VALUES ('164713043824', 'Flight Crew 10');
INSERT INTO `airport_db`.`flight_attendant` (`fk_to_flight_crew_Aadhar_card_number`, `Training/Education`) VALUES ('120295354135', 'Flight Crew 11');
INSERT INTO `airport_db`.`flight_attendant` (`fk_to_flight_crew_Aadhar_card_number`, `Training/Education`) VALUES ('947056199545', 'Sr. Flight Crew Training');
INSERT INTO `airport_db`.`flight_attendant` (`fk_to_flight_crew_Aadhar_card_number`, `Training/Education`) VALUES ('357284469139', 'Sr. Flight Crew Training');
INSERT INTO `airport_db`.`flight_attendant` (`fk_to_flight_crew_Aadhar_card_number`, `Training/Education`) VALUES ('801202304690', 'Sr. Flight Crew Training');
INSERT INTO `airport_db`.`flight_attendant` (`fk_to_flight_crew_Aadhar_card_number`, `Training/Education`) VALUES ('487301900720', 'Flight Crew 1');
INSERT INTO `airport_db`.`flight_attendant` (`fk_to_flight_crew_Aadhar_card_number`, `Training/Education`) VALUES ('895445335106', 'Flight Crew 2');
INSERT INTO `airport_db`.`flight_attendant` (`fk_to_flight_crew_Aadhar_card_number`, `Training/Education`) VALUES ('464486919784', 'Flight Crew 3');
INSERT INTO `airport_db`.`flight_attendant` (`fk_to_flight_crew_Aadhar_card_number`, `Training/Education`) VALUES ('365788043732', 'Flight Crew 4');
INSERT INTO `airport_db`.`flight_attendant` (`fk_to_flight_crew_Aadhar_card_number`, `Training/Education`) VALUES ('773578728750', 'Flight Crew 5');
INSERT INTO `airport_db`.`flight_attendant` (`fk_to_flight_crew_Aadhar_card_number`, `Training/Education`) VALUES ('685850699467', 'Flight Crew 6');
INSERT INTO `airport_db`.`flight_attendant` (`fk_to_flight_crew_Aadhar_card_number`, `Training/Education`) VALUES ('559764090284', 'Flight Crew 7');
INSERT INTO `airport_db`.`flight_attendant` (`fk_to_flight_crew_Aadhar_card_number`, `Training/Education`) VALUES ('436899770238', 'Flight Crew 8');
INSERT INTO `airport_db`.`flight_attendant` (`fk_to_flight_crew_Aadhar_card_number`, `Training/Education`) VALUES ('823455853160', 'Flight Crew 9');
INSERT INTO `airport_db`.`flight_attendant` (`fk_to_flight_crew_Aadhar_card_number`, `Training/Education`) VALUES ('233363221108', 'Flight Crew 10');
INSERT INTO `airport_db`.`flight_attendant` (`fk_to_flight_crew_Aadhar_card_number`, `Training/Education`) VALUES ('777211077788', 'Flight Crew 11');
INSERT INTO `airport_db`.`flight_attendant` (`fk_to_flight_crew_Aadhar_card_number`, `Training/Education`) VALUES ('341648440548', 'Sr. Flight Crew Training');
INSERT INTO `airport_db`.`flight_attendant` (`fk_to_flight_crew_Aadhar_card_number`, `Training/Education`) VALUES ('994162770130', 'Sr. Flight Crew Training');
INSERT INTO `airport_db`.`flight_attendant` (`fk_to_flight_crew_Aadhar_card_number`, `Training/Education`) VALUES ('984116856572', 'Sr. Flight Crew Training');
INSERT INTO `airport_db`.`flight_attendant` (`fk_to_flight_crew_Aadhar_card_number`, `Training/Education`) VALUES ('267270646226', 'Flight Crew 1');
INSERT INTO `airport_db`.`flight_attendant` (`fk_to_flight_crew_Aadhar_card_number`, `Training/Education`) VALUES ('968293757996', 'Flight Crew 2');
INSERT INTO `airport_db`.`flight_attendant` (`fk_to_flight_crew_Aadhar_card_number`, `Training/Education`) VALUES ('419649385822', 'Flight Crew 3');
INSERT INTO `airport_db`.`flight_attendant` (`fk_to_flight_crew_Aadhar_card_number`, `Training/Education`) VALUES ('436363863265', 'Flight Crew 4');
INSERT INTO `airport_db`.`flight_attendant` (`fk_to_flight_crew_Aadhar_card_number`, `Training/Education`) VALUES ('887225220049', 'Flight Crew 5');
INSERT INTO `airport_db`.`flight_attendant` (`fk_to_flight_crew_Aadhar_card_number`, `Training/Education`) VALUES ('757544661652', 'Flight Crew 6');
INSERT INTO `airport_db`.`flight_attendant` (`fk_to_flight_crew_Aadhar_card_number`, `Training/Education`) VALUES ('517628926875', 'Flight Crew 7');
INSERT INTO `airport_db`.`flight_attendant` (`fk_to_flight_crew_Aadhar_card_number`, `Training/Education`) VALUES ('189012025021', 'Flight Crew 8');
INSERT INTO `airport_db`.`flight_attendant` (`fk_to_flight_crew_Aadhar_card_number`, `Training/Education`) VALUES ('392948176090', 'Flight Crew 9');
INSERT INTO `airport_db`.`flight_attendant` (`fk_to_flight_crew_Aadhar_card_number`, `Training/Education`) VALUES ('637470568896', 'Flight Crew 10');
INSERT INTO `airport_db`.`flight_attendant` (`fk_to_flight_crew_Aadhar_card_number`, `Training/Education`) VALUES ('447585081788', 'Flight Crew 11');
INSERT INTO `airport_db`.`flight_attendant` (`fk_to_flight_crew_Aadhar_card_number`, `Training/Education`) VALUES ('882529509704', 'Sr. Flight Crew Training');
INSERT INTO `airport_db`.`flight_attendant` (`fk_to_flight_crew_Aadhar_card_number`, `Training/Education`) VALUES ('910746441422', 'Sr. Flight Crew Training');

INSERT INTO `airport_db`.`flight_engineer` (`fk_to_flight_crew_Aadhar_card_number`, `Education`, `Manufacturer`, `Model`) VALUES ('263894653433', 'Aerospace Engineering', 'Boeing', '737');
INSERT INTO `airport_db`.`flight_engineer` (`fk_to_flight_crew_Aadhar_card_number`, `Education`, `Manufacturer`, `Model`) VALUES ('989795868900', 'Aerospace Engineering', 'Boeing', '777');
INSERT INTO `airport_db`.`flight_engineer` (`fk_to_flight_crew_Aadhar_card_number`, `Education`, `Manufacturer`, `Model`) VALUES ('929409113318', 'Aerospace Engineering', 'Boeing', '737');
INSERT INTO `airport_db`.`flight_engineer` (`fk_to_flight_crew_Aadhar_card_number`, `Education`, `Manufacturer`, `Model`) VALUES ('898590197215', 'Aerospace Engineering', 'Airbus', '320');
INSERT INTO `airport_db`.`flight_engineer` (`fk_to_flight_crew_Aadhar_card_number`, `Education`, `Manufacturer`, `Model`) VALUES ('885349935083', 'Aerospace Engineering', 'Boeing', '747');
INSERT INTO `airport_db`.`flight_engineer` (`fk_to_flight_crew_Aadhar_card_number`, `Education`, `Manufacturer`, `Model`) VALUES ('293071995777', 'Aerospace Engineering', 'Airbus', '330');
INSERT INTO `airport_db`.`flight_engineer` (`fk_to_flight_crew_Aadhar_card_number`, `Education`, `Manufacturer`, `Model`) VALUES ('960473363810', 'Aerospace Engineering', 'Boeing', '737');
INSERT INTO `airport_db`.`flight_engineer` (`fk_to_flight_crew_Aadhar_card_number`, `Education`, `Manufacturer`, `Model`) VALUES ('186480088941', 'Aerospace Engineering', 'Airbus', '320');
INSERT INTO `airport_db`.`flight_engineer` (`fk_to_flight_crew_Aadhar_card_number`, `Education`, `Manufacturer`, `Model`) VALUES ('699936401511', 'Aerospace Engineering', 'Boeing', '777');
INSERT INTO `airport_db`.`flight_engineer` (`fk_to_flight_crew_Aadhar_card_number`, `Education`, `Manufacturer`, `Model`) VALUES ('229570111446', 'Aerospace Engineering', 'Boeing', '747');
INSERT INTO `airport_db`.`flight_engineer` (`fk_to_flight_crew_Aadhar_card_number`, `Education`, `Manufacturer`, `Model`) VALUES ('307444476492', 'Aerospace Engineering', 'Boeing', '777');
INSERT INTO `airport_db`.`flight_engineer` (`fk_to_flight_crew_Aadhar_card_number`, `Education`, `Manufacturer`, `Model`) VALUES ('201895719396', 'Aerospace Engineering', 'Boeing', '747');
INSERT INTO `airport_db`.`flight_engineer` (`fk_to_flight_crew_Aadhar_card_number`, `Education`, `Manufacturer`, `Model`) VALUES ('442222040823', 'Aerospace Engineering', 'Airbus', '340');
INSERT INTO `airport_db`.`flight_engineer` (`fk_to_flight_crew_Aadhar_card_number`, `Education`, `Manufacturer`, `Model`) VALUES ('350063861992', 'Aerospace Engineering', 'Boeing', '747');
INSERT INTO `airport_db`.`flight_engineer` (`fk_to_flight_crew_Aadhar_card_number`, `Education`, `Manufacturer`, `Model`) VALUES ('710069101922', 'Aerospace Engineering', 'Boeing', '747');
INSERT INTO `airport_db`.`flight_engineer` (`fk_to_flight_crew_Aadhar_card_number`, `Education`, `Manufacturer`, `Model`) VALUES ('901079987005', 'Aerospace Engineering', 'Boeing', '777');
INSERT INTO `airport_db`.`flight_engineer` (`fk_to_flight_crew_Aadhar_card_number`, `Education`, `Manufacturer`, `Model`) VALUES ('859876076991', 'Aerospace Engineering', 'Boeing', '777');


-- --------------------------------------------------------------------------------------------------------------------------
INSERT INTO `airport_db`.`On_ground` (`fk_to_airline_crew_Aadhar_card_number`, `Job title`) VALUES ('742345609823', 'Ground Staff');
INSERT INTO `airport_db`.`On_ground` (`fk_to_airline_crew_Aadhar_card_number`, `Job title`) VALUES ('508807841865', 'Ground Staff');
INSERT INTO `airport_db`.`On_ground` (`fk_to_airline_crew_Aadhar_card_number`, `Job title`) VALUES ('743065235687', 'Ground Staff');
INSERT INTO `airport_db`.`On_ground` (`fk_to_airline_crew_Aadhar_card_number`, `Job title`) VALUES ('117708762407', 'Ground Staff');
INSERT INTO `airport_db`.`On_ground` (`fk_to_airline_crew_Aadhar_card_number`, `Job title`) VALUES ('844295166474', 'Ground Staff');
INSERT INTO `airport_db`.`On_ground` (`fk_to_airline_crew_Aadhar_card_number`, `Job title`) VALUES ('659520341336', 'Ground Staff');
INSERT INTO `airport_db`.`On_ground` (`fk_to_airline_crew_Aadhar_card_number`, `Job title`) VALUES ('268709851713', 'Ground Staff');
INSERT INTO `airport_db`.`On_ground` (`fk_to_airline_crew_Aadhar_card_number`, `Job title`) VALUES ('612272332784', 'Ground Staff');
INSERT INTO `airport_db`.`On_ground` (`fk_to_airline_crew_Aadhar_card_number`, `Job title`) VALUES ('382252530528', 'Ground Staff');
INSERT INTO `airport_db`.`On_ground` (`fk_to_airline_crew_Aadhar_card_number`, `Job title`) VALUES ('204847494048', 'Ground Staff');
INSERT INTO `airport_db`.`On_ground` (`fk_to_airline_crew_Aadhar_card_number`, `Job title`) VALUES ('926393263101', 'Ground Staff');
INSERT INTO `airport_db`.`On_ground` (`fk_to_airline_crew_Aadhar_card_number`, `Job title`) VALUES ('442125731778', 'Ground Staff');
INSERT INTO `airport_db`.`On_ground` (`fk_to_airline_crew_Aadhar_card_number`, `Job title`) VALUES ('138043292367', 'Ground Staff');
INSERT INTO `airport_db`.`On_ground` (`fk_to_airline_crew_Aadhar_card_number`, `Job title`) VALUES ('452985909959', 'Ground Staff');
INSERT INTO `airport_db`.`On_ground` (`fk_to_airline_crew_Aadhar_card_number`, `Job title`) VALUES ('972738450911', 'Ground Staff');

INSERT INTO `airport_db`.`Languages spoken by airline employee` (`fk_Aadhar_card_number`, `Language_name`) VALUES ('423842256711', 'English');
INSERT INTO `airport_db`.`Languages spoken by airline employee` (`fk_Aadhar_card_number`, `Language_name`) VALUES ('705118388146', 'English');
INSERT INTO `airport_db`.`Languages spoken by airline employee` (`fk_Aadhar_card_number`, `Language_name`) VALUES ('987073359667', 'English');
INSERT INTO `airport_db`.`Languages spoken by airline employee` (`fk_Aadhar_card_number`, `Language_name`) VALUES ('952078195347', 'English');
INSERT INTO `airport_db`.`Languages spoken by airline employee` (`fk_Aadhar_card_number`, `Language_name`) VALUES ('659471917725', 'English');
INSERT INTO `airport_db`.`Languages spoken by airline employee` (`fk_Aadhar_card_number`, `Language_name`) VALUES ('539894579755', 'English');
INSERT INTO `airport_db`.`Languages spoken by airline employee` (`fk_Aadhar_card_number`, `Language_name`) VALUES ('996366605513', 'English');
INSERT INTO `airport_db`.`Languages spoken by airline employee` (`fk_Aadhar_card_number`, `Language_name`) VALUES ('373431374191', 'English');
INSERT INTO `airport_db`.`Languages spoken by airline employee` (`fk_Aadhar_card_number`, `Language_name`) VALUES ('593984902158', 'English');
INSERT INTO `airport_db`.`Languages spoken by airline employee` (`fk_Aadhar_card_number`, `Language_name`) VALUES ('508612826180', 'English');
INSERT INTO `airport_db`.`Languages spoken by airline employee` (`fk_Aadhar_card_number`, `Language_name`) VALUES ('874814427763', 'English');
INSERT INTO `airport_db`.`Languages spoken by airline employee` (`fk_Aadhar_card_number`, `Language_name`) VALUES ('309085507854', 'English');
INSERT INTO `airport_db`.`Languages spoken by airline employee` (`fk_Aadhar_card_number`, `Language_name`) VALUES ('701316776234', 'English');
INSERT INTO `airport_db`.`Languages spoken by airline employee` (`fk_Aadhar_card_number`, `Language_name`) VALUES ('940190667854', 'English');
INSERT INTO `airport_db`.`Languages spoken by airline employee` (`fk_Aadhar_card_number`, `Language_name`) VALUES ('727603019279', 'English');
INSERT INTO `airport_db`.`Languages spoken by airline employee` (`fk_Aadhar_card_number`, `Language_name`) VALUES ('839379776636', 'English');
INSERT INTO `airport_db`.`Languages spoken by airline employee` (`fk_Aadhar_card_number`, `Language_name`) VALUES ('573139661735', 'English');
INSERT INTO `airport_db`.`Languages spoken by airline employee` (`fk_Aadhar_card_number`, `Language_name`) VALUES ('272041370301', 'English');
INSERT INTO `airport_db`.`Languages spoken by airline employee` (`fk_Aadhar_card_number`, `Language_name`) VALUES ('523364866992', 'English');
INSERT INTO `airport_db`.`Languages spoken by airline employee` (`fk_Aadhar_card_number`, `Language_name`) VALUES ('788035500462', 'English');
INSERT INTO `airport_db`.`Languages spoken by airline employee` (`fk_Aadhar_card_number`, `Language_name`) VALUES ('295985438642', 'English');
INSERT INTO `airport_db`.`Languages spoken by airline employee` (`fk_Aadhar_card_number`, `Language_name`) VALUES ('507987293417', 'English');
INSERT INTO `airport_db`.`Languages spoken by airline employee` (`fk_Aadhar_card_number`, `Language_name`) VALUES ('172124790919', 'English');
INSERT INTO `airport_db`.`Languages spoken by airline employee` (`fk_Aadhar_card_number`, `Language_name`) VALUES ('279413154352', 'English');
INSERT INTO `airport_db`.`Languages spoken by airline employee` (`fk_Aadhar_card_number`, `Language_name`) VALUES ('749515388866', 'English');
INSERT INTO `airport_db`.`Languages spoken by airline employee` (`fk_Aadhar_card_number`, `Language_name`) VALUES ('767644651742', 'English');
INSERT INTO `airport_db`.`Languages spoken by airline employee` (`fk_Aadhar_card_number`, `Language_name`) VALUES ('463262786649', 'English');
INSERT INTO `airport_db`.`Languages spoken by airline employee` (`fk_Aadhar_card_number`, `Language_name`) VALUES ('915403132186', 'English');
INSERT INTO `airport_db`.`Languages spoken by airline employee` (`fk_Aadhar_card_number`, `Language_name`) VALUES ('562920204688', 'English');
INSERT INTO `airport_db`.`Languages spoken by airline employee` (`fk_Aadhar_card_number`, `Language_name`) VALUES ('763239030001', 'English');
INSERT INTO `airport_db`.`Languages spoken by airline employee` (`fk_Aadhar_card_number`, `Language_name`) VALUES ('178901887912', 'English');
INSERT INTO `airport_db`.`Languages spoken by airline employee` (`fk_Aadhar_card_number`, `Language_name`) VALUES ('774444132904', 'English');
INSERT INTO `airport_db`.`Languages spoken by airline employee` (`fk_Aadhar_card_number`, `Language_name`) VALUES ('682892019010', 'English');
INSERT INTO `airport_db`.`Languages spoken by airline employee` (`fk_Aadhar_card_number`, `Language_name`) VALUES ('482861471480', 'English');
INSERT INTO `airport_db`.`Languages spoken by airline employee` (`fk_Aadhar_card_number`, `Language_name`) VALUES ('387424604116', 'English');
INSERT INTO `airport_db`.`Languages spoken by airline employee` (`fk_Aadhar_card_number`, `Language_name`) VALUES ('576538804352', 'English');
INSERT INTO `airport_db`.`Languages spoken by airline employee` (`fk_Aadhar_card_number`, `Language_name`) VALUES ('311899954816', 'English');
INSERT INTO `airport_db`.`Languages spoken by airline employee` (`fk_Aadhar_card_number`, `Language_name`) VALUES ('113128320405', 'English');
INSERT INTO `airport_db`.`Languages spoken by airline employee` (`fk_Aadhar_card_number`, `Language_name`) VALUES ('164713043824', 'English');
INSERT INTO `airport_db`.`Languages spoken by airline employee` (`fk_Aadhar_card_number`, `Language_name`) VALUES ('120295354135', 'English');
INSERT INTO `airport_db`.`Languages spoken by airline employee` (`fk_Aadhar_card_number`, `Language_name`) VALUES ('947056199545', 'English');
INSERT INTO `airport_db`.`Languages spoken by airline employee` (`fk_Aadhar_card_number`, `Language_name`) VALUES ('357284469139', 'English');
INSERT INTO `airport_db`.`Languages spoken by airline employee` (`fk_Aadhar_card_number`, `Language_name`) VALUES ('801202304690', 'English');
INSERT INTO `airport_db`.`Languages spoken by airline employee` (`fk_Aadhar_card_number`, `Language_name`) VALUES ('487301900720', 'English');
INSERT INTO `airport_db`.`Languages spoken by airline employee` (`fk_Aadhar_card_number`, `Language_name`) VALUES ('895445335106', 'English');
INSERT INTO `airport_db`.`Languages spoken by airline employee` (`fk_Aadhar_card_number`, `Language_name`) VALUES ('464486919784', 'English');
INSERT INTO `airport_db`.`Languages spoken by airline employee` (`fk_Aadhar_card_number`, `Language_name`) VALUES ('365788043732', 'English');
INSERT INTO `airport_db`.`Languages spoken by airline employee` (`fk_Aadhar_card_number`, `Language_name`) VALUES ('773578728750', 'English');
INSERT INTO `airport_db`.`Languages spoken by airline employee` (`fk_Aadhar_card_number`, `Language_name`) VALUES ('685850699467', 'English');
INSERT INTO `airport_db`.`Languages spoken by airline employee` (`fk_Aadhar_card_number`, `Language_name`) VALUES ('559764090284', 'English');
INSERT INTO `airport_db`.`Languages spoken by airline employee` (`fk_Aadhar_card_number`, `Language_name`) VALUES ('436899770238', 'English');
INSERT INTO `airport_db`.`Languages spoken by airline employee` (`fk_Aadhar_card_number`, `Language_name`) VALUES ('823455853160', 'English');
INSERT INTO `airport_db`.`Languages spoken by airline employee` (`fk_Aadhar_card_number`, `Language_name`) VALUES ('233363221108', 'English');
INSERT INTO `airport_db`.`Languages spoken by airline employee` (`fk_Aadhar_card_number`, `Language_name`) VALUES ('777211077788', 'English');
INSERT INTO `airport_db`.`Languages spoken by airline employee` (`fk_Aadhar_card_number`, `Language_name`) VALUES ('341648440548', 'English');
INSERT INTO `airport_db`.`Languages spoken by airline employee` (`fk_Aadhar_card_number`, `Language_name`) VALUES ('994162770130', 'English');
INSERT INTO `airport_db`.`Languages spoken by airline employee` (`fk_Aadhar_card_number`, `Language_name`) VALUES ('984116856572', 'English');
INSERT INTO `airport_db`.`Languages spoken by airline employee` (`fk_Aadhar_card_number`, `Language_name`) VALUES ('267270646226', 'English');
INSERT INTO `airport_db`.`Languages spoken by airline employee` (`fk_Aadhar_card_number`, `Language_name`) VALUES ('968293757996', 'English');
INSERT INTO `airport_db`.`Languages spoken by airline employee` (`fk_Aadhar_card_number`, `Language_name`) VALUES ('419649385822', 'English');
INSERT INTO `airport_db`.`Languages spoken by airline employee` (`fk_Aadhar_card_number`, `Language_name`) VALUES ('436363863265', 'English');
INSERT INTO `airport_db`.`Languages spoken by airline employee` (`fk_Aadhar_card_number`, `Language_name`) VALUES ('887225220049', 'English');
INSERT INTO `airport_db`.`Languages spoken by airline employee` (`fk_Aadhar_card_number`, `Language_name`) VALUES ('757544661652', 'English');
INSERT INTO `airport_db`.`Languages spoken by airline employee` (`fk_Aadhar_card_number`, `Language_name`) VALUES ('517628926875', 'English');
INSERT INTO `airport_db`.`Languages spoken by airline employee` (`fk_Aadhar_card_number`, `Language_name`) VALUES ('189012025021', 'English');
INSERT INTO `airport_db`.`Languages spoken by airline employee` (`fk_Aadhar_card_number`, `Language_name`) VALUES ('392948176090', 'English');
INSERT INTO `airport_db`.`Languages spoken by airline employee` (`fk_Aadhar_card_number`, `Language_name`) VALUES ('637470568896', 'English');
INSERT INTO `airport_db`.`Languages spoken by airline employee` (`fk_Aadhar_card_number`, `Language_name`) VALUES ('447585081788', 'English');
INSERT INTO `airport_db`.`Languages spoken by airline employee` (`fk_Aadhar_card_number`, `Language_name`) VALUES ('882529509704', 'English');
INSERT INTO `airport_db`.`Languages spoken by airline employee` (`fk_Aadhar_card_number`, `Language_name`) VALUES ('910746441422', 'English');
INSERT INTO `airport_db`.`Languages spoken by airline employee` (`fk_Aadhar_card_number`, `Language_name`) VALUES ('423842256711', 'Hindi');
INSERT INTO `airport_db`.`Languages spoken by airline employee` (`fk_Aadhar_card_number`, `Language_name`) VALUES ('705118388146', 'Hindi');
INSERT INTO `airport_db`.`Languages spoken by airline employee` (`fk_Aadhar_card_number`, `Language_name`) VALUES ('987073359667', 'Hindi');
INSERT INTO `airport_db`.`Languages spoken by airline employee` (`fk_Aadhar_card_number`, `Language_name`) VALUES ('952078195347', 'Hindi');
INSERT INTO `airport_db`.`Languages spoken by airline employee` (`fk_Aadhar_card_number`, `Language_name`) VALUES ('659471917725', 'Hindi');
INSERT INTO `airport_db`.`Languages spoken by airline employee` (`fk_Aadhar_card_number`, `Language_name`) VALUES ('539894579755', 'Hindi');
INSERT INTO `airport_db`.`Languages spoken by airline employee` (`fk_Aadhar_card_number`, `Language_name`) VALUES ('996366605513', 'Hindi');
INSERT INTO `airport_db`.`Languages spoken by airline employee` (`fk_Aadhar_card_number`, `Language_name`) VALUES ('373431374191', 'Hindi');
INSERT INTO `airport_db`.`Languages spoken by airline employee` (`fk_Aadhar_card_number`, `Language_name`) VALUES ('593984902158', 'Hindi');
INSERT INTO `airport_db`.`Languages spoken by airline employee` (`fk_Aadhar_card_number`, `Language_name`) VALUES ('508612826180', 'Hindi');
INSERT INTO `airport_db`.`Languages spoken by airline employee` (`fk_Aadhar_card_number`, `Language_name`) VALUES ('874814427763', 'Hindi');
INSERT INTO `airport_db`.`Languages spoken by airline employee` (`fk_Aadhar_card_number`, `Language_name`) VALUES ('309085507854', 'Hindi');
INSERT INTO `airport_db`.`Languages spoken by airline employee` (`fk_Aadhar_card_number`, `Language_name`) VALUES ('701316776234', 'Hindi');
INSERT INTO `airport_db`.`Languages spoken by airline employee` (`fk_Aadhar_card_number`, `Language_name`) VALUES ('940190667854', 'Hindi');
INSERT INTO `airport_db`.`Languages spoken by airline employee` (`fk_Aadhar_card_number`, `Language_name`) VALUES ('727603019279', 'Hindi');
INSERT INTO `airport_db`.`Languages spoken by airline employee` (`fk_Aadhar_card_number`, `Language_name`) VALUES ('487301900720', 'Tamil');
INSERT INTO `airport_db`.`Languages spoken by airline employee` (`fk_Aadhar_card_number`, `Language_name`) VALUES ('895445335106', 'Tamil');
INSERT INTO `airport_db`.`Languages spoken by airline employee` (`fk_Aadhar_card_number`, `Language_name`) VALUES ('464486919784', 'Tamil');
INSERT INTO `airport_db`.`Languages spoken by airline employee` (`fk_Aadhar_card_number`, `Language_name`) VALUES ('365788043732', 'Tamil');
INSERT INTO `airport_db`.`Languages spoken by airline employee` (`fk_Aadhar_card_number`, `Language_name`) VALUES ('773578728750', 'Tamil');
INSERT INTO `airport_db`.`Languages spoken by airline employee` (`fk_Aadhar_card_number`, `Language_name`) VALUES ('685850699467', 'Tamil');
INSERT INTO `airport_db`.`Languages spoken by airline employee` (`fk_Aadhar_card_number`, `Language_name`) VALUES ('559764090284', 'Tamil');
INSERT INTO `airport_db`.`Languages spoken by airline employee` (`fk_Aadhar_card_number`, `Language_name`) VALUES ('436899770238', 'Tamil');
INSERT INTO `airport_db`.`Languages spoken by airline employee` (`fk_Aadhar_card_number`, `Language_name`) VALUES ('823455853160', 'Tamil');
INSERT INTO `airport_db`.`Languages spoken by airline employee` (`fk_Aadhar_card_number`, `Language_name`) VALUES ('233363221108', 'Tamil');
INSERT INTO `airport_db`.`Languages spoken by airline employee` (`fk_Aadhar_card_number`, `Language_name`) VALUES ('777211077788', 'Tamil');
INSERT INTO `airport_db`.`Languages spoken by airline employee` (`fk_Aadhar_card_number`, `Language_name`) VALUES ('341648440548', 'Tamil');
INSERT INTO `airport_db`.`Languages spoken by airline employee` (`fk_Aadhar_card_number`, `Language_name`) VALUES ('994162770130', 'Tamil');
INSERT INTO `airport_db`.`Languages spoken by airline employee` (`fk_Aadhar_card_number`, `Language_name`) VALUES ('984116856572', 'Tamil');
INSERT INTO `airport_db`.`Languages spoken by airline employee` (`fk_Aadhar_card_number`, `Language_name`) VALUES ('267270646226', 'Marathi');
INSERT INTO `airport_db`.`Languages spoken by airline employee` (`fk_Aadhar_card_number`, `Language_name`) VALUES ('968293757996', 'Marathi');
INSERT INTO `airport_db`.`Languages spoken by airline employee` (`fk_Aadhar_card_number`, `Language_name`) VALUES ('419649385822', 'Marathi');
INSERT INTO `airport_db`.`Languages spoken by airline employee` (`fk_Aadhar_card_number`, `Language_name`) VALUES ('436363863265', 'Marathi');
INSERT INTO `airport_db`.`Languages spoken by airline employee` (`fk_Aadhar_card_number`, `Language_name`) VALUES ('887225220049', 'Marathi');
INSERT INTO `airport_db`.`Languages spoken by airline employee` (`fk_Aadhar_card_number`, `Language_name`) VALUES ('757544661652', 'Marathi');
INSERT INTO `airport_db`.`Languages spoken by airline employee` (`fk_Aadhar_card_number`, `Language_name`) VALUES ('517628926875', 'Marathi');
INSERT INTO `airport_db`.`Languages spoken by airline employee` (`fk_Aadhar_card_number`, `Language_name`) VALUES ('189012025021', 'Marathi');
INSERT INTO `airport_db`.`Languages spoken by airline employee` (`fk_Aadhar_card_number`, `Language_name`) VALUES ('392948176090', 'Marathi');
INSERT INTO `airport_db`.`Languages spoken by airline employee` (`fk_Aadhar_card_number`, `Language_name`) VALUES ('637470568896', 'Marathi');
INSERT INTO `airport_db`.`Languages spoken by airline employee` (`fk_Aadhar_card_number`, `Language_name`) VALUES ('447585081788', 'Marathi');
INSERT INTO `airport_db`.`Languages spoken by airline employee` (`fk_Aadhar_card_number`, `Language_name`) VALUES ('882529509704', 'Marathi');
INSERT INTO `airport_db`.`Languages spoken by airline employee` (`fk_Aadhar_card_number`, `Language_name`) VALUES ('910746441422', 'Marathi');
INSERT INTO `airport_db`.`Languages spoken by airline employee` (`fk_Aadhar_card_number`, `Language_name`) VALUES ('267270646226', 'Telugu');
INSERT INTO `airport_db`.`Languages spoken by airline employee` (`fk_Aadhar_card_number`, `Language_name`) VALUES ('968293757996', 'Telugu');
INSERT INTO `airport_db`.`Languages spoken by airline employee` (`fk_Aadhar_card_number`, `Language_name`) VALUES ('419649385822', 'Telugu');
INSERT INTO `airport_db`.`Languages spoken by airline employee` (`fk_Aadhar_card_number`, `Language_name`) VALUES ('436363863265', 'Telugu');
INSERT INTO `airport_db`.`Languages spoken by airline employee` (`fk_Aadhar_card_number`, `Language_name`) VALUES ('887225220049', 'Telugu');
INSERT INTO `airport_db`.`Languages spoken by airline employee` (`fk_Aadhar_card_number`, `Language_name`) VALUES ('757544661652', 'Telugu');
INSERT INTO `airport_db`.`Languages spoken by airline employee` (`fk_Aadhar_card_number`, `Language_name`) VALUES ('517628926875', 'Telugu');
INSERT INTO `airport_db`.`Languages spoken by airline employee` (`fk_Aadhar_card_number`, `Language_name`) VALUES ('189012025021', 'Telugu');
INSERT INTO `airport_db`.`Languages spoken by airline employee` (`fk_Aadhar_card_number`, `Language_name`) VALUES ('392948176090', 'Telugu');
INSERT INTO `airport_db`.`Languages spoken by airline employee` (`fk_Aadhar_card_number`, `Language_name`) VALUES ('637470568896', 'Telugu');
INSERT INTO `airport_db`.`Languages spoken by airline employee` (`fk_Aadhar_card_number`, `Language_name`) VALUES ('447585081788', 'Telugu');
INSERT INTO `airport_db`.`Languages spoken by airline employee` (`fk_Aadhar_card_number`, `Language_name`) VALUES ('882529509704', 'Telugu');
INSERT INTO `airport_db`.`Languages spoken by airline employee` (`fk_Aadhar_card_number`, `Language_name`) VALUES ('910746441422', 'Telugu');

